,2003,2004,2005,2006,2007,2008,2009,2010,2011,2012,2013,2014,2015,2016,2017
"Abbeydorney, Kerry",244,244,244,244,244,244,244,244,412,412,412,412,412,412,412
"Abbeyfeale, Limerick",1940,1940,1940,1940,1940,1940,1940,1940,2007,2007,2007,2007,2007,2007,2007
"Abbeyleix, Laois",1568,1568,1568,1568,1568,1568,1568,1568,1827,1827,1827,1827,1827,1827,1827
"Adamstown, Wexford",173,173,173,173,173,173,173,173,258,258,258,258,258,258,258
"Adare, Limerick",982,982,982,982,982,982,982,982,1106,1106,1106,1106,1106,1106,1106
"Aghada-Farsid-Rostellan, Cork",904,904,904,904,904,904,904,904,1015,1015,1015,1015,1015,1015,1015
"Aglish, Waterford",169,169,169,169,169,169,169,169,343,343,343,343,343,343,343
"Ahascragh, Galway",221,221,221,221,221,221,221,221,205,205,205,205,205,205,205
"Ailt an Chorráin, Donegal",270,270,270,270,270,270,270,270,323,323,323,323,323,323,323
"Allenwood, Kildare",667,667,667,667,667,667,667,667,845,845,845,845,845,845,845
"Anagaire, Donegal",223,223,223,223,223,223,223,223,253,253,253,253,253,253,253
"An Bun Beag-Doirí Beaga, Donegal",1359,1359,1359,1359,1359,1359,1359,1359,1553,1553,1553,1553,1553,1553,1553
"An Charraig, Donegal",253,253,253,253,253,253,253,253,282,282,282,282,282,282,282
"An Cheathrú Rua, Galway",627,627,627,627,627,627,627,627,814,814,814,814,814,814,814
"An Clochán Liath, Donegal",1068,1068,1068,1068,1068,1068,1068,1068,1183,1183,1183,1183,1183,1183,1183
"An Daingean, Kerry",1920,1920,1920,1920,1920,1920,1920,1920,1965,1965,1965,1965,1965,1965,1965
"An Fál Carrach, Donegal",842,842,842,842,842,842,842,842,860,860,860,860,860,860,860
"Annacotty, Limerick",1839,1839,1839,1839,1839,1839,1839,1839,2856,2856,2856,2856,2856,2856,2856
"Annagassan, Louth",180,180,180,180,180,180,180,180,180,180,180,180,180,180,180
"Annaghdown, Galway",227,227,227,227,227,227,227,227,234,234,234,234,234,234,234
"Annascaul, Kerry",271,271,271,271,271,271,271,271,299,299,299,299,299,299,299
"An Rinn, Waterford",384,384,384,384,384,384,384,384,500,500,500,500,500,500,500
"An Spidéal, Galway",247,247,247,247,247,247,247,247,250,250,250,250,250,250,250
"Ardagh, Limerick",271,271,271,271,271,271,271,271,288,288,288,288,288,288,288
"Ardara, Donegal",564,564,564,564,564,564,564,564,731,731,731,731,731,731,731
"Ardee Legal Town, Louth",4301,4301,4301,4301,4301,4301,4301,4301,4554,4554,4554,4554,4554,4554,4554
"Ardee Environs, Louth",393,393,393,393,393,393,393,393,373,373,373,373,373,373,373
"Ardfert, Kerry",729,729,729,729,729,729,729,729,800,800,800,800,800,800,800
"Ardfinnan, South Tipperary",747,747,747,747,747,747,747,747,946,946,946,946,946,946,946
"Ardmore, Waterford",412,412,412,412,412,412,412,412,435,435,435,435,435,435,435
"Ardnacrusha (Castlebank), Clare",1169,1169,1169,1169,1169,1169,1169,1169,1414,1414,1414,1414,1414,1414,1414
"Ardskeagh, Clare",245,245,245,245,245,245,245,245,297,297,297,297,297,297,297
"Arklow Legal Town, Wicklow",11712,11712,11712,11712,11712,11712,11712,11712,12770,12770,12770,12770,12770,12770,12770
"Arklow Environs, Wicklow",47,47,47,47,47,47,47,47,239,239,239,239,239,239,239
"Arthurstown, Wexford",159,159,159,159,159,159,159,159,135,135,135,135,135,135,135
"Arva, Cavan",364,364,364,364,364,364,364,364,380,380,380,380,380,380,380
"Ashbourne, Meath",8528,8528,8528,8528,8528,8528,8528,8528,11355,11355,11355,11355,11355,11355,11355
"Ashford, Wicklow",1349,1349,1349,1349,1349,1349,1349,1349,1449,1449,1449,1449,1449,1449,1449
"Askeaton, Limerick",979,979,979,979,979,979,979,979,1149,1149,1149,1149,1149,1149,1149
"Athboy, Meath",2213,2213,2213,2213,2213,2213,2213,2213,2397,2397,2397,2397,2397,2397,2397
"Athea, Limerick",377,377,377,377,377,377,377,377,385,385,385,385,385,385,385
"Athenry, Galway",3205,3205,3205,3205,3205,3205,3205,3205,3950,3950,3950,3950,3950,3950,3950
"Athgarvan, Kildare",1016,1016,1016,1016,1016,1016,1016,1016,1016,1016,1016,1016,1016,1016,1016
"Athleague, Roscommon",241,241,241,241,241,241,241,241,241,241,241,241,241,241,241
"Athlone Legal Town, Westmeath",14347,14347,14347,14347,14347,14347,14347,14347,15558,15558,15558,15558,15558,15558,15558
"Athlone Environs, Westmeath and Roscommon",3197,3197,3197,3197,3197,3197,3197,3197,4595,4595,4595,4595,4595,4595,4595
"Athy Legal Town, Kildare",7943,7943,7943,7943,7943,7943,7943,7943,9587,9587,9587,9587,9587,9587,9587
"Athy Environs, Kildare",275,275,275,275,275,275,275,275,339,339,339,339,339,339,339
"Aughnacliffe, Longford",148,148,148,148,148,148,148,148,148,148,148,148,148,148,148
"Aughrim, Wicklow",1145,1145,1145,1145,1145,1145,1145,1145,1364,1364,1364,1364,1364,1364,1364
"Avoca, Wicklow",734,734,734,734,734,734,734,734,753,753,753,753,753,753,753
"Bailieborough, Cavan",1966,1966,1966,1966,1966,1966,1966,1966,2530,2530,2530,2530,2530,2530,2530
"Baile Chláir, Galway",741,741,741,741,741,741,741,741,1217,1217,1217,1217,1217,1217,1217
"Baile Mhic Íre, Cork",413,413,413,413,413,413,413,413,425,425,425,425,425,425,425
"Balbradagh, Meath",257,257,257,257,257,257,257,257,363,363,363,363,363,363,363
"Balbriggan Legal Town, Fingal",6731,6731,6731,6731,6731,6731,6731,6731,19932,19932,19932,19932,19932,19932,19932
"Balbriggan Environs, Fingal",8828,8828,8828,8828,8828,8828,8828,8828,28,28,28,28,28,28,28
"Balla, Mayo",586,586,586,586,586,586,586,586,671,671,671,671,671,671,671
"Ballaghaderreen, Roscommon",1720,1720,1720,1720,1720,1720,1720,1720,1822,1822,1822,1822,1822,1822,1822
"Ballina Legal Town, Mayo",10056,10056,10056,10056,10056,10056,10056,10056,10361,10361,10361,10361,10361,10361,10361
"Ballina Environs, Mayo",353,353,353,353,353,353,353,353,725,725,725,725,725,725,725
"Ballina, North Tipperary",1861,1861,1861,1861,1861,1861,1861,1861,2442,2442,2442,2442,2442,2442,2442
"Ballinabrannagh, Carlow",389,389,389,389,389,389,389,389,389,389,389,389,389,389,389
"Ballinaclash, Wicklow",301,301,301,301,301,301,301,301,301,301,301,301,301,301,301
"Ballinagar, Offaly",381,381,381,381,381,381,381,381,420,420,420,420,420,420,420
"Ballinagh, Cavan",675,675,675,675,675,675,675,675,766,766,766,766,766,766,766
"Ballinakill, Laois",430,430,430,430,430,430,430,430,435,435,435,435,435,435,435
"Ballinalack, Westmeath",137,137,137,137,137,137,137,137,137,137,137,137,137,137,137
"Ballinalee, Longford",151,151,151,151,151,151,151,151,308,308,308,308,308,308,308
"Ballinameen, Roscommon",188,188,188,188,188,188,188,188,188,188,188,188,188,188,188
"Ballinamore, Leitrim",805,805,805,805,805,805,805,805,889,889,889,889,889,889,889
"Ballinasloe Legal Town, Galway",6049,6049,6049,6049,6049,6049,6049,6049,6449,6449,6449,6449,6449,6449,6449
"Ballinasloe Environs, Galway and Roscommon",254,254,254,254,254,254,254,254,210,210,210,210,210,210,210
"Ballincar, Sligo",526,526,526,526,526,526,526,526,444,444,444,444,444,444,444
"Ballindine, Mayo",249,249,249,249,249,249,249,249,350,350,350,350,350,350,350
"Ballineen/Enniskean, Cork",646,646,646,646,646,646,646,646,700,700,700,700,700,700,700
"Ballingarry, Limerick",441,441,441,441,441,441,441,441,527,527,527,527,527,527,527
"Ballingarry, South Tipperary",129,129,129,129,129,129,129,129,293,293,293,293,293,293,293
"Ballinlough, Roscommon",262,262,262,262,262,262,262,262,300,300,300,300,300,300,300
"Ballinroad, Waterford",794,794,794,794,794,794,794,794,1097,1097,1097,1097,1097,1097,1097
"Ballinrobe, Mayo",2098,2098,2098,2098,2098,2098,2098,2098,2704,2704,2704,2704,2704,2704,2704
"Ballinspittle, Cork",194,194,194,194,194,194,194,194,194,194,194,194,194,194,194
"Ballintober, Roscommon",137,137,137,137,137,137,137,137,137,137,137,137,137,137,137
"Ballintogher, Sligo",182,182,182,182,182,182,182,182,313,313,313,313,313,313,313
"Ballintra, Donegal",211,211,211,211,211,211,211,211,209,209,209,209,209,209,209
"Ballisodare, Sligo",971,971,971,971,971,971,971,971,1344,1344,1344,1344,1344,1344,1344
"Ballivor, Meath",1212,1212,1212,1212,1212,1212,1212,1212,1727,1727,1727,1727,1727,1727,1727
"Ballon, Carlow",596,596,596,596,596,596,596,596,684,684,684,684,684,684,684
"Ballyagran, Limerick",183,183,183,183,183,183,183,183,190,190,190,190,190,190,190
"Ballybay Legal Town, Monaghan",401,401,401,401,401,401,401,401,298,298,298,298,298,298,298
"Ballybay Environs, Monaghan",816,816,816,816,816,816,816,816,1163,1163,1163,1163,1163,1163,1163
"Ballybofey-Stranorlar, Donegal",4176,4176,4176,4176,4176,4176,4176,4176,4852,4852,4852,4852,4852,4852,4852
"Ballyboghil, Fingal",321,321,321,321,321,321,321,321,352,352,352,352,352,352,352
"Ballybrittas, Laois",331,331,331,331,331,331,331,331,331,331,331,331,331,331,331
"Ballybunion, Kerry",1365,1365,1365,1365,1365,1365,1365,1365,1354,1354,1354,1354,1354,1354,1354
"Ballycanew, Wexford",464,464,464,464,464,464,464,464,502,502,502,502,502,502,502
"Ballycannan, Clare",651,651,651,651,651,651,651,651,646,646,646,646,646,646,646
"Ballycastle, Mayo",215,215,215,215,215,215,215,215,234,234,234,234,234,234,234
"Ballyclerahan, South Tipperary",678,678,678,678,678,678,678,678,807,807,807,807,807,807,807
"Ballyclogh, Cork",177,177,177,177,177,177,177,177,264,264,264,264,264,264,264
"Ballycolla, Laois",127,127,127,127,127,127,127,127,138,138,138,138,138,138,138
"Ballyconnell, Cavan",747,747,747,747,747,747,747,747,1061,1061,1061,1061,1061,1061,1061
"Ballycotton, Cork",412,412,412,412,412,412,412,412,476,476,476,476,476,476,476
"Ballycullane, Wexford",219,219,219,219,219,219,219,219,285,285,285,285,285,285,285
"Ballycumber, Offaly",216,216,216,216,216,216,216,216,219,219,219,219,219,219,219
"Ballydehob, Cork",240,240,240,240,240,240,240,240,271,271,271,271,271,271,271
"Ballydesmond, Cork",191,191,191,191,191,191,191,191,206,206,206,206,206,206,206
"Ballyduff, Kerry",578,578,578,578,578,578,578,578,532,532,532,532,532,532,532
"Ballyedmond, Wexford",116,116,116,116,116,116,116,116,116,116,116,116,116,116,116
"Ballyfarnan, Roscommon",182,182,182,182,182,182,182,182,205,205,205,205,205,205,205
"Ballyforan, Roscommon",172,172,172,172,172,172,172,172,172,172,172,172,172,172,172
"Ballygar, Galway",689,689,689,689,689,689,689,689,660,660,660,660,660,660,660
"Ballygarvan, Cork",457,457,457,457,457,457,457,457,540,540,540,540,540,540,540
"Ballygawley, Sligo",186,186,186,186,186,186,186,186,321,321,321,321,321,321,321
"Ballygeary (Rosslare  Harbour), Wexford",1041,1041,1041,1041,1041,1041,1041,1041,1123,1123,1123,1123,1123,1123,1123
"Ballyhack, Wexford",189,189,189,189,189,189,189,189,207,207,207,207,207,207,207
"Ballyhahill, Limerick",137,137,137,137,137,137,137,137,170,170,170,170,170,170,170
"Ballyhaise, Cavan",597,597,597,597,597,597,597,597,620,620,620,620,620,620,620
"Ballyhale, Kilkenny",137,137,137,137,137,137,137,137,137,137,137,137,137,137,137
"Ballyhaunis, Mayo",1708,1708,1708,1708,1708,1708,1708,1708,2312,2312,2312,2312,2312,2312,2312
"Ballyheigue, Kerry",677,677,677,677,677,677,677,677,628,628,628,628,628,628,628
"Ballyhogue, Wexford",262,262,262,262,262,262,262,262,262,262,262,262,262,262,262
"Ballyhooly, Cork",215,215,215,215,215,215,215,215,412,412,412,412,412,412,412
"Ballyjamesduff, Cavan",1690,1690,1690,1690,1690,1690,1690,1690,2568,2568,2568,2568,2568,2568,2568
"Ballylanders, Limerick",319,319,319,319,319,319,319,319,331,331,331,331,331,331,331
"Ballyliffin, Donegal",357,357,357,357,357,357,357,357,461,461,461,461,461,461,461
"Ballylinan, Laois",754,754,754,754,754,754,754,754,1084,1084,1084,1084,1084,1084,1084
"Ballylongford, Kerry",406,406,406,406,406,406,406,406,418,418,418,418,418,418,418
"Ballymacarbry, Waterford",132,132,132,132,132,132,132,132,132,132,132,132,132,132,132
"Ballymacoda, Cork",128,128,128,128,128,128,128,128,128,128,128,128,128,128,128
"Ballymahon, Longford",963,963,963,963,963,963,963,963,1563,1563,1563,1563,1563,1563,1563
"Ballymore, Westmeath",289,289,289,289,289,289,289,289,433,433,433,433,433,433,433
"Ballymore Eustace, Kildare",725,725,725,725,725,725,725,725,872,872,872,872,872,872,872
"Ballymote, Sligo",1229,1229,1229,1229,1229,1229,1229,1229,1539,1539,1539,1539,1539,1539,1539
"Ballymurn, Wexford",464,464,464,464,464,464,464,464,464,464,464,464,464,464,464
"Ballynacargy, Westmeath",292,292,292,292,292,292,292,292,287,287,287,287,287,287,287
"Ballynoe, Cork",146,146,146,146,146,146,146,146,146,146,146,146,146,146,146
"Ballynonty, South Tipperary",152,152,152,152,152,152,152,152,152,152,152,152,152,152,152
"Ballyoulster, Kildare",895,895,895,895,895,895,895,895,480,480,480,480,480,480,480
"Ballyporeen, South Tipperary",304,304,304,304,304,304,304,304,313,313,313,313,313,313,313
"Ballyragget, Kilkenny",1014,1014,1014,1014,1014,1014,1014,1014,1089,1089,1089,1089,1089,1089,1089
"Ballyroan, Laois",189,189,189,189,189,189,189,189,455,455,455,455,455,455,455
"Ballyroe, Kildare",202,202,202,202,202,202,202,202,191,191,191,191,191,191,191
"Ballysax, Kildare",270,270,270,270,270,270,270,270,333,333,333,333,333,333,333
"Ballyshannon Legal Town, Donegal",2004,2004,2004,2004,2004,2004,2004,2004,1855,1855,1855,1855,1855,1855,1855
"Ballyshannon Environs, Donegal",682,682,682,682,682,682,682,682,648,648,648,648,648,648,648
"Ballysimon, Wexford",223,223,223,223,223,223,223,223,311,311,311,311,311,311,311
"Ballytore, Kildare",445,445,445,445,445,445,445,445,685,685,685,685,685,685,685
"Ballyvaughan, Clare",224,224,224,224,224,224,224,224,258,258,258,258,258,258,258
"Balreask, Meath",212,212,212,212,212,212,212,212,212,212,212,212,212,212,212
"Balrothery, Fingal",1866,1866,1866,1866,1866,1866,1866,1866,1866,1866,1866,1866,1866,1866,1866
"Baltimore, Cork",377,377,377,377,377,377,377,377,347,347,347,347,347,347,347
"Baltinglass, Wicklow",1735,1735,1735,1735,1735,1735,1735,1735,2061,2061,2061,2061,2061,2061,2061
"Baltray, Louth",121,121,121,121,121,121,121,121,103,103,103,103,103,103,103
"Banagher, Offaly",1636,1636,1636,1636,1636,1636,1636,1636,1653,1653,1653,1653,1653,1653,1653
"Bandon Legal Town, Cork",1721,1721,1721,1721,1721,1721,1721,1721,1917,1917,1917,1917,1917,1917,1917
"Bandon Environs, Cork",4101,4101,4101,4101,4101,4101,4101,4101,4723,4723,4723,4723,4723,4723,4723
"Bangor Erris, Mayo",295,295,295,295,295,295,295,295,293,293,293,293,293,293,293
"Bansha, South Tipperary",272,272,272,272,272,272,272,272,349,349,349,349,349,349,349
"Banteer, Cork",304,304,304,304,304,304,304,304,323,323,323,323,323,323,323
"Bantry Legal Town, Cork",3309,3309,3309,3309,3309,3309,3309,3309,3348,3348,3348,3348,3348,3348,3348
"Barndarrig, Wicklow",233,233,233,233,233,233,233,233,233,233,233,233,233,233,233
"Barntown, Wexford",394,394,394,394,394,394,394,394,461,461,461,461,461,461,461
"Baylin, Westmeath",244,244,244,244,244,244,244,244,244,244,244,244,244,244,244
"Béal an Mhuirthead, Mayo",1074,1074,1074,1074,1074,1074,1074,1074,1089,1089,1089,1089,1089,1089,1089
"Béal Átha an Ghaorthaidh, Cork",234,234,234,234,234,234,234,234,238,238,238,238,238,238,238
"Bearna, Galway",1878,1878,1878,1878,1878,1878,1878,1878,1878,1878,1878,1878,1878,1878,1878
"Beaufort, Kerry",240,240,240,240,240,240,240,240,228,228,228,228,228,228,228
"Beaulieu, Louth",221,221,221,221,221,221,221,221,221,221,221,221,221,221,221
"Belcarra, Mayo",222,222,222,222,222,222,222,222,222,222,222,222,222,222,222
"Belgooly, Cork",535,535,535,535,535,535,535,535,765,765,765,765,765,765,765
"Bellanode, Monaghan",400,400,400,400,400,400,400,400,473,473,473,473,473,473,473
"Bellanagare, Roscommon",134,134,134,134,134,134,134,134,142,142,142,142,142,142,142
"Bellavary, Mayo",147,147,147,147,147,147,147,147,160,160,160,160,160,160,160
"Belmont, Offaly",219,219,219,219,219,219,219,219,209,209,209,209,209,209,209
"Belturbet Legal Town, Cavan",1395,1395,1395,1395,1395,1395,1395,1395,1378,1378,1378,1378,1378,1378,1378
"Belturbet Environs, Cavan",16,16,16,16,16,16,16,16,29,29,29,29,29,29,29
"Bennettsbridge, Kilkenny",685,685,685,685,685,685,685,685,729,729,729,729,729,729,729
"Birr Legal Town, Offaly",4091,4091,4091,4091,4091,4091,4091,4091,4428,4428,4428,4428,4428,4428,4428
"Birr Environs, Offaly and North Tipperary",990,990,990,990,990,990,990,990,1394,1394,1394,1394,1394,1394,1394
"Blacklion, Cavan",174,174,174,174,174,174,174,174,229,229,229,229,229,229,229
"Blarney, Cork",2400,2400,2400,2400,2400,2400,2400,2400,2437,2437,2437,2437,2437,2437,2437
"Blessington, Kildare and Wicklow",4018,4018,4018,4018,4018,4018,4018,4018,5010,5010,5010,5010,5010,5010,5010
"Boherbue, Cork",378,378,378,378,378,378,378,378,333,333,333,333,333,333,333
"Bohola, Mayo",170,170,170,170,170,170,170,170,170,170,170,170,170,170,170
"Borris, Carlow",582,582,582,582,582,582,582,582,646,646,646,646,646,646,646
"Borris-in-Ossory, Laois",488,488,488,488,488,488,488,488,475,475,475,475,475,475,475
"Borrisokane, North Tipperary",832,832,832,832,832,832,832,832,964,964,964,964,964,964,964
"Borrisoleigh, North Tipperary",626,626,626,626,626,626,626,626,708,708,708,708,708,708,708
"Boyle Legal Town, Roscommon",1599,1599,1599,1599,1599,1599,1599,1599,1459,1459,1459,1459,1459,1459,1459
"Boyle Environs, Roscommon",923,923,923,923,923,923,923,923,1129,1129,1129,1129,1129,1129,1129
"Bracknagh, Offaly",240,240,240,240,240,240,240,240,209,209,209,209,209,209,209
"Bray Legal Town, Wicklow",27041,27041,27041,27041,27041,27041,27041,27041,26852,26852,26852,26852,26852,26852,26852
"Bray Environs, Dublin and Wicklow",4860,4860,4860,4860,4860,4860,4860,4860,5020,5020,5020,5020,5020,5020,5020
"Bree, Wexford",201,201,201,201,201,201,201,201,201,201,201,201,201,201,201
"Bridebridge, Cork",208,208,208,208,208,208,208,208,203,203,203,203,203,203,203
"Bridge End, Donegal",334,334,334,334,334,334,334,334,497,497,497,497,497,497,497
"Bridgetown, Wexford",202,202,202,202,202,202,202,202,385,385,385,385,385,385,385
"Brittas, South Dublin",154,154,154,154,154,154,154,154,171,171,171,171,171,171,171
"Broadford, Limerick",313,313,313,313,313,313,313,313,295,295,295,295,295,295,295
"Brosna, Kerry",212,212,212,212,212,212,212,212,210,210,210,210,210,210,210
"Brownstown, Kildare",482,482,482,482,482,482,482,482,846,846,846,846,846,846,846
"Bruachbhailte Cathair na Gaillimhe, Galway",315,315,315,315,315,315,315,315,1249,1249,1249,1249,1249,1249,1249
"Bruff, Limerick",724,724,724,724,724,724,724,724,783,783,783,783,783,783,783
"Bruree, Limerick",321,321,321,321,321,321,321,321,541,541,541,541,541,541,541
"Bunclody-Carrickduff, Carlow and Wexford",1863,1863,1863,1863,1863,1863,1863,1863,2012,2012,2012,2012,2012,2012,2012
"Buncrana Legal Town, Donegal",3411,3411,3411,3411,3411,3411,3411,3411,3452,3452,3452,3452,3452,3452,3452
"Buncrana Environs, Donegal",2500,2500,2500,2500,2500,2500,2500,2500,3387,3387,3387,3387,3387,3387,3387
"Bundoran Legal Town, Donegal",1706,1706,1706,1706,1706,1706,1706,1706,1781,1781,1781,1781,1781,1781,1781
"Bundoran Environs, Donegal",258,258,258,258,258,258,258,258,359,359,359,359,359,359,359
"Bun na Leaca, Donegal",392,392,392,392,392,392,392,392,441,441,441,441,441,441,441
"Bunratty, Clare",219,219,219,219,219,219,219,219,219,219,219,219,219,219,219
"Bunnyconnelan West, Mayo",150,150,150,150,150,150,150,150,185,185,185,185,185,185,185
"Burnfoot, Donegal",398,398,398,398,398,398,398,398,466,466,466,466,466,466,466
"Butlersbridge, Cavan",182,182,182,182,182,182,182,182,282,282,282,282,282,282,282
"Buttevant, Cork",914,914,914,914,914,914,914,914,945,945,945,945,945,945,945
"Bweeng, Cork",418,418,418,418,418,418,418,418,418,418,418,418,418,418,418
"Cabragh, Monaghan",167,167,167,167,167,167,167,167,159,159,159,159,159,159,159
"Caherconlish, Limerick",700,700,700,700,700,700,700,700,1279,1279,1279,1279,1279,1279,1279
"Cahir, South Tipperary",3381,3381,3381,3381,3381,3381,3381,3381,3578,3578,3578,3578,3578,3578,3578
"Cahirciveen, Kerry",1294,1294,1294,1294,1294,1294,1294,1294,1168,1168,1168,1168,1168,1168,1168
"Callan, Kilkenny",1771,1771,1771,1771,1771,1771,1771,1771,2330,2330,2330,2330,2330,2330,2330
"Calverstown, Kildare",650,650,650,650,650,650,650,650,648,648,648,648,648,648,648
"Camolin, Wexford",390,390,390,390,390,390,390,390,393,393,393,393,393,393,393
"Campile, Wexford",347,347,347,347,347,347,347,347,411,411,411,411,411,411,411
"Cappamore, Limerick",669,669,669,669,669,669,669,669,675,675,675,675,675,675,675
"Cappawhite, South Tipperary",328,328,328,328,328,328,328,328,369,369,369,369,369,369,369
"Cappoquin, Waterford",740,740,740,740,740,740,740,740,759,759,759,759,759,759,759
"Carlanstown, Meath",348,348,348,348,348,348,348,348,631,631,631,631,631,631,631
"Carlingford, Louth",623,623,623,623,623,623,623,623,1045,1045,1045,1045,1045,1045,1045
"Carlow Legal Town, Carlow",13623,13623,13623,13623,13623,13623,13623,13623,13698,13698,13698,13698,13698,13698,13698
"Carlow Environs, Carlow and Laois",7101,7101,7101,7101,7101,7101,7101,7101,9332,9332,9332,9332,9332,9332,9332
"Carndonagh, Donegal",1923,1923,1923,1923,1923,1923,1923,1923,2534,2534,2534,2534,2534,2534,2534
"Carnew, Wicklow",949,949,949,949,949,949,949,949,1091,1091,1091,1091,1091,1091,1091
"Carney, Sligo",219,219,219,219,219,219,219,219,349,349,349,349,349,349,349
"Carragh, Kildare",751,751,751,751,751,751,751,751,882,882,882,882,882,882,882
"Carraig Airt, Donegal",249,249,249,249,249,249,249,249,228,228,228,228,228,228,228
"Carrickmacross Legal Town, Monaghan",1973,1973,1973,1973,1973,1973,1973,1973,1978,1978,1978,1978,1978,1978,1978
"Carrickmacross Environs, Monaghan",2414,2414,2414,2414,2414,2414,2414,2414,2947,2947,2947,2947,2947,2947,2947
"Carrick-on-Shannon, Leitrim and Roscommon",3163,3163,3163,3163,3163,3163,3163,3163,3980,3980,3980,3980,3980,3980,3980
"Carrick-on-Suir Legal Town, South Tipperary",5856,5856,5856,5856,5856,5856,5856,5856,5886,5886,5886,5886,5886,5886,5886
"Carrick-on-Suir Environs, Waterford",50,50,50,50,50,50,50,50,45,45,45,45,45,45,45
"Carrigaline, Cork",12835,12835,12835,12835,12835,12835,12835,12835,14775,14775,14775,14775,14775,14775,14775
"Carrigallen, Leitrim",303,303,303,303,303,303,303,303,384,384,384,384,384,384,384
"Carrigans, Donegal",191,191,191,191,191,191,191,191,336,336,336,336,336,336,336
"Carrigkerry, Limerick",166,166,166,166,166,166,166,166,180,180,180,180,180,180,180
"Carrignavar, Cork",482,482,482,482,482,482,482,482,499,499,499,499,499,499,499
"Carrigtwohill, Cork",2782,2782,2782,2782,2782,2782,2782,2782,4551,4551,4551,4551,4551,4551,4551
"Carrowkeel, Donegal",331,331,331,331,331,331,331,331,388,388,388,388,388,388,388
"Cashel Legal Town, South Tipperary",2413,2413,2413,2413,2413,2413,2413,2413,2275,2275,2275,2275,2275,2275,2275
"Cashel Environs, South Tipperary",523,523,523,523,523,523,523,523,1776,1776,1776,1776,1776,1776,1776
"Castlebar Legal Town, Mayo",10655,10655,10655,10655,10655,10655,10655,10655,10826,10826,10826,10826,10826,10826,10826
"Castlebar Environs, Mayo",1236,1236,1236,1236,1236,1236,1236,1236,1492,1492,1492,1492,1492,1492,1492
"Castlebellingham/Kilsaran, Louth",816,816,816,816,816,816,816,816,1035,1035,1035,1035,1035,1035,1035
"Castleblayney Legal Town, Monaghan",1822,1822,1822,1822,1822,1822,1822,1822,1752,1752,1752,1752,1752,1752,1752
"Castleblayney Environs, Monaghan",1302,1302,1302,1302,1302,1302,1302,1302,1882,1882,1882,1882,1882,1882,1882
"Castlebridge, Wexford",1624,1624,1624,1624,1624,1624,1624,1624,1726,1726,1726,1726,1726,1726,1726
"Castlecomer-Donaguile, Kilkenny",1531,1531,1531,1531,1531,1531,1531,1531,1456,1456,1456,1456,1456,1456,1456
"Castleconnell, Limerick",1330,1330,1330,1330,1330,1330,1330,1330,1917,1917,1917,1917,1917,1917,1917
"Castledermot, Kildare",887,887,887,887,887,887,887,887,1398,1398,1398,1398,1398,1398,1398
"Castle Ellis, Wexford",173,173,173,173,173,173,173,173,293,293,293,293,293,293,293
"Castlefin, Donegal",810,810,810,810,810,810,810,810,787,787,787,787,787,787,787
"Castlegregory, Kerry",205,205,205,205,205,205,205,205,243,243,243,243,243,243,243
"Castleisland, Kerry",2300,2300,2300,2300,2300,2300,2300,2300,2513,2513,2513,2513,2513,2513,2513
"Castlelyons, Cork",203,203,203,203,203,203,203,203,292,292,292,292,292,292,292
"Castlemagner, Cork",246,246,246,246,246,246,246,246,246,246,246,246,246,246,246
"Castlemaine, Kerry",187,187,187,187,187,187,187,187,187,187,187,187,187,187,187
"Castlemartyr, Cork",978,978,978,978,978,978,978,978,1277,1277,1277,1277,1277,1277,1277
"Castlepollard, Westmeath",1004,1004,1004,1004,1004,1004,1004,1004,1042,1042,1042,1042,1042,1042,1042
"Castlerea, Roscommon",1873,1873,1873,1873,1873,1873,1873,1873,1985,1985,1985,1985,1985,1985,1985
"Castletown, Laois",314,314,314,314,314,314,314,314,418,418,418,418,418,418,418
"Castletown Geoghegan, Westmeath",150,150,150,150,150,150,150,150,150,150,150,150,150,150,150
"Castletownbere, Cork",868,868,868,868,868,868,868,868,912,912,912,912,912,912,912
"Castletownroche, Cork",398,398,398,398,398,398,398,398,435,435,435,435,435,435,435
"Castletownsend, Cork",188,188,188,188,188,188,188,188,187,187,187,187,187,187,187
"Causeway, Kerry",211,211,211,211,211,211,211,211,264,264,264,264,264,264,264
"Cavan Legal Town, Cavan",3934,3934,3934,3934,3934,3934,3934,3934,3649,3649,3649,3649,3649,3649,3649
"Cavan Environs, Cavan",3949,3949,3949,3949,3949,3949,3949,3949,6556,6556,6556,6556,6556,6556,6556
"Celbridge, Kildare",17262,17262,17262,17262,17262,17262,17262,17262,19537,19537,19537,19537,19537,19537,19537
"Charlestown-Bellahy, Mayo and Sligo",859,859,859,859,859,859,859,859,914,914,914,914,914,914,914
"Cheekpoint, Waterford",313,313,313,313,313,313,313,313,334,334,334,334,334,334,334
"Churchbay, Cork",252,252,252,252,252,252,252,252,322,322,322,322,322,322,322
"Churchtown, Cork",217,217,217,217,217,217,217,217,509,509,509,509,509,509,509
"Cill Charthaigh, Donegal",232,232,232,232,232,232,232,232,248,248,248,248,248,248,248
"Cill Rónáin, Galway",259,259,259,259,259,259,259,259,297,297,297,297,297,297,297
"Clane, Kildare",4968,4968,4968,4968,4968,4968,4968,4968,6702,6702,6702,6702,6702,6702,6702
"Clara, Offaly",3001,3001,3001,3001,3001,3001,3001,3001,3242,3242,3242,3242,3242,3242,3242
"Claremorris, Mayo",2595,2595,2595,2595,2595,2595,2595,2595,3412,3412,3412,3412,3412,3412,3412
"Clarina, Limerick",216,216,216,216,216,216,216,216,275,275,275,275,275,275,275
"Clarinbridge, Galway",257,257,257,257,257,257,257,257,389,389,389,389,389,389,389
"Clashmore, Waterford",224,224,224,224,224,224,224,224,252,252,252,252,252,252,252
"Clifden, Galway",1497,1497,1497,1497,1497,1497,1497,1497,2056,2056,2056,2056,2056,2056,2056
"Cliffoney, Sligo",425,425,425,425,425,425,425,425,483,483,483,483,483,483,483
"Cloghan, Offaly",503,503,503,503,503,503,503,503,612,612,612,612,612,612,612
"Clogh-Chatsworth, Kilkenny",351,351,351,351,351,351,351,351,358,358,358,358,358,358,358
"Clogheen, South Tipperary",509,509,509,509,509,509,509,509,491,491,491,491,491,491,491
"Clogherhead, Louth",1558,1558,1558,1558,1558,1558,1558,1558,1993,1993,1993,1993,1993,1993,1993
"Clonakilty Legal Town, Cork",3745,3745,3745,3745,3745,3745,3745,3745,4000,4000,4000,4000,4000,4000,4000
"Clonakilty Environs, Cork",409,409,409,409,409,409,409,409,721,721,721,721,721,721,721
"Clonard, Meath",347,347,347,347,347,347,347,347,339,339,339,339,339,339,339
"Clonaslee, Laois",501,501,501,501,501,501,501,501,518,518,518,518,518,518,518
"Clonbullogue, Offaly",442,442,442,442,442,442,442,442,422,422,422,422,422,422,422
"Clonee Village, Meath",1000,1000,1000,1000,1000,1000,1000,1000,631,631,631,631,631,631,631
"Clondrohid, Cork",188,188,188,188,188,188,188,188,188,188,188,188,188,188,188
"Clondulane, Cork",333,333,333,333,333,333,333,333,333,333,333,333,333,333,333
"Clonegal, Carlow and Wexford",231,231,231,231,231,231,231,231,245,245,245,245,245,245,245
"Clones Legal Town, Monaghan",1517,1517,1517,1517,1517,1517,1517,1517,1491,1491,1491,1491,1491,1491,1491
"Clones Environs, Monaghan",250,250,250,250,250,250,250,250,270,270,270,270,270,270,270
"Clongeen, Wexford",217,217,217,217,217,217,217,217,280,280,280,280,280,280,280
"Clonlara, Clare",504,504,504,504,504,504,504,504,627,627,627,627,627,627,627
"Clonmany, Donegal",437,437,437,437,437,437,437,437,470,470,470,470,470,470,470
"Clonmel Borough, South Tipperary",15482,15482,15482,15482,15482,15482,15482,15482,15793,15793,15793,15793,15793,15793,15793
"Clonmel Environs, South Tipperary and Waterford",1526,1526,1526,1526,1526,1526,1526,1526,2115,2115,2115,2115,2115,2115,2115
"Clonmellon, Westmeath",547,547,547,547,547,547,547,547,634,634,634,634,634,634,634
"Clonroche, Wexford",356,356,356,356,356,356,356,356,329,329,329,329,329,329,329
"Clontibret, Monaghan",166,166,166,166,166,166,166,166,166,166,166,166,166,166,166
"Clontuskert, Roscommon",193,193,193,193,193,193,193,193,188,188,188,188,188,188,188
"Clonygowan, Offaly",190,190,190,190,190,190,190,190,190,190,190,190,190,190,190
"Cloonfad, Roscommon",209,209,209,209,209,209,209,209,285,285,285,285,285,285,285
"Cloughduv, Cork",349,349,349,349,349,349,349,349,350,350,350,350,350,350,350
"Cloughjordan, North Tipperary",394,394,394,394,394,394,394,394,511,511,511,511,511,511,511
"Cloyne, Cork",1095,1095,1095,1095,1095,1095,1095,1095,1562,1562,1562,1562,1562,1562,1562
"Cluain Bú, Galway",306,306,306,306,306,306,306,306,381,381,381,381,381,381,381
"Cnoc na Muirleog, Donegal",346,346,346,346,346,346,346,346,415,415,415,415,415,415,415
"Coachford, Cork",439,439,439,439,439,439,439,439,431,431,431,431,431,431,431
"Cobh Legal Town, Cork",6541,6541,6541,6541,6541,6541,6541,6541,6500,6500,6500,6500,6500,6500,6500
"Cobh Environs, Cork",4762,4762,4762,4762,4762,4762,4762,4762,5847,5847,5847,5847,5847,5847,5847
"Coill Dubh (Blackwood), Kildare",684,684,684,684,684,684,684,684,693,693,693,693,693,693,693
"Collinstown, Westmeath",294,294,294,294,294,294,294,294,336,336,336,336,336,336,336
"Collon, Louth",564,564,564,564,564,564,564,564,814,814,814,814,814,814,814
"Collooney, Sligo",892,892,892,892,892,892,892,892,1369,1369,1369,1369,1369,1369,1369
"Cong, Galway and Mayo",150,150,150,150,150,150,150,150,178,178,178,178,178,178,178
"Conna, Cork",376,376,376,376,376,376,376,376,470,470,470,470,470,470,470
"Convoy, Donegal",1193,1193,1193,1193,1193,1193,1193,1193,1438,1438,1438,1438,1438,1438,1438
"Coolagary, Offaly",365,365,365,365,365,365,365,365,458,458,458,458,458,458,458
"Coolaney, Sligo",208,208,208,208,208,208,208,208,866,866,866,866,866,866,866
"Coolboy, Wicklow",144,144,144,144,144,144,144,144,144,144,144,144,144,144,144
"Coolgreany, Wexford",360,360,360,360,360,360,360,360,370,370,370,370,370,370,370
"Coonagh, Limerick",213,213,213,213,213,213,213,213,222,222,222,222,222,222,222
"Cootehill Legal Town, Cavan",1436,1436,1436,1436,1436,1436,1436,1436,1592,1592,1592,1592,1592,1592,1592
"Cootehill Environs, Cavan",456,456,456,456,456,456,456,456,531,531,531,531,531,531,531
"Cork City, Cork",119418,119418,119418,119418,119418,119418,119418,119418,119230,119230,119230,119230,119230,119230,119230
"Cork Suburbs, Cork",70966,70966,70966,70966,70966,70966,70966,70966,79352,79352,79352,79352,79352,79352,79352
"Corofin, Clare",485,485,485,485,485,485,485,485,689,689,689,689,689,689,689
"Corrofin, Galway",380,380,380,380,380,380,380,380,549,549,549,549,549,549,549
"Courtmacsherry, Cork",244,244,244,244,244,244,244,244,520,520,520,520,520,520,520
"Courtown Harbour, Wexford",1421,1421,1421,1421,1421,1421,1421,1421,2857,2857,2857,2857,2857,2857,2857
"Cratloe, Clare",643,643,643,643,643,643,643,643,674,674,674,674,674,674,674
"Craughwell, Galway",414,414,414,414,414,414,414,414,665,665,665,665,665,665,665
"Creeslough, Donegal",327,327,327,327,327,327,327,327,410,410,410,410,410,410,410
"Croagh, Limerick",222,222,222,222,222,222,222,222,222,222,222,222,222,222,222
"Cromane, Kerry",139,139,139,139,139,139,139,139,115,115,115,115,115,115,115
"Crookstown, Cork",302,302,302,302,302,302,302,302,285,285,285,285,285,285,285
"Croom, Limerick",1045,1045,1045,1045,1045,1045,1045,1045,1157,1157,1157,1157,1157,1157,1157
"Crossakeel, Meath",180,180,180,180,180,180,180,180,180,180,180,180,180,180,180
"Crossbarry, Cork",354,354,354,354,354,354,354,354,354,354,354,354,354,354,354
"Crosshaven, Cork",1669,1669,1669,1669,1669,1669,1669,1669,2093,2093,2093,2093,2093,2093,2093
"Crossmolina, Mayo",930,930,930,930,930,930,930,930,1061,1061,1061,1061,1061,1061,1061
"Crusheen, Clare",377,377,377,377,377,377,377,377,467,467,467,467,467,467,467
"Culdaff, Donegal",155,155,155,155,155,155,155,155,264,264,264,264,264,264,264
"Daingean, Offaly",1056,1056,1056,1056,1056,1056,1056,1056,1037,1037,1037,1037,1037,1037,1037
"Danescastle, Wexford",218,218,218,218,218,218,218,218,306,306,306,306,306,306,306
"Delvin, Westmeath",416,416,416,416,416,416,416,416,697,697,697,697,697,697,697
"Derrinturn, Kildare",1138,1138,1138,1138,1138,1138,1138,1138,1541,1541,1541,1541,1541,1541,1541
"Donabate, Fingal",5499,5499,5499,5499,5499,5499,5499,5499,6778,6778,6778,6778,6778,6778,6778
"Donard, Wicklow",182,182,182,182,182,182,182,182,187,187,187,187,187,187,187
"Donaskeigh, South Tipperary",147,147,147,147,147,147,147,147,147,147,147,147,147,147,147
"Donegal, Donegal",2339,2339,2339,2339,2339,2339,2339,2339,2607,2607,2607,2607,2607,2607,2607
"Doneraile, Cork",759,759,759,759,759,759,759,759,757,757,757,757,757,757,757
"Donore, Meath",728,728,728,728,728,728,728,728,692,692,692,692,692,692,692
"Doohamlat, Monaghan",243,243,243,243,243,243,243,243,243,243,243,243,243,243,243
"Doon, Limerick",439,439,439,439,439,439,439,439,509,509,509,509,509,509,509
"Doonbeg, Clare",228,228,228,228,228,228,228,228,272,272,272,272,272,272,272
"Drangan, South Tipperary",136,136,136,136,136,136,136,136,136,136,136,136,136,136,136
"Drimoleague, Cork",436,436,436,436,436,436,436,436,468,468,468,468,468,468,468
"Drogheda Borough, Louth",28973,28973,28973,28973,28973,28973,28973,28973,30393,30393,30393,30393,30393,30393,30393
"Drogheda Environs, Louth and Meath",6117,6117,6117,6117,6117,6117,6117,6117,8185,8185,8185,8185,8185,8185,8185
"Droichead Nua (Newbridge), Legal Town, Kildare",17042,17042,17042,17042,17042,17042,17042,17042,17127,17127,17127,17127,17127,17127,17127
"Droichead Nua (Newbridge), Environs, Kildare",1478,1478,1478,1478,1478,1478,1478,1478,4434,4434,4434,4434,4434,4434,4434
"Dromahair, Leitrim",503,503,503,503,503,503,503,503,748,748,748,748,748,748,748
"Dromina, Cork",213,213,213,213,213,213,213,213,269,269,269,269,269,269,269
"Dromineer, North Tipperary",118,118,118,118,118,118,118,118,113,113,113,113,113,113,113
"Dromiskin, Louth",992,992,992,992,992,992,992,992,1115,1115,1115,1115,1115,1115,1115
"Drommahane, Cork",801,801,801,801,801,801,801,801,872,872,872,872,872,872,872
"Dromore West, Sligo",218,218,218,218,218,218,218,218,218,218,218,218,218,218,218
"Drumcollogher, Limerick",524,524,524,524,524,524,524,524,548,548,548,548,548,548,548
"Drumconrath, Meath",405,405,405,405,405,405,405,405,370,370,370,370,370,370,370
"Drumkeen, Donegal",151,151,151,151,151,151,151,151,151,151,151,151,151,151,151
"Drumkeeran, Leitrim",249,249,249,249,249,249,249,249,252,252,252,252,252,252,252
"Drumlish, Longford",429,429,429,429,429,429,429,429,835,835,835,835,835,835,835
"Drumod, Leitrim",210,210,210,210,210,210,210,210,432,432,432,432,432,432,432
"Drumshanbo, Leitrim",665,665,665,665,665,665,665,665,857,857,857,857,857,857,857
"Drumsna, Leitrim",217,217,217,217,217,217,217,217,247,247,247,247,247,247,247
"Duagh, Kerry",209,209,209,209,209,209,209,209,209,209,209,209,209,209,209
"Dublin City, Dublin",506211,506211,506211,506211,506211,506211,506211,506211,527612,527612,527612,527612,527612,527612,527612
"Dublin Greater Suburbs, Dublin",539558,539558,539558,539558,539558,539558,539558,539558,583015,583015,583015,583015,583015,583015,583015
"Dublin Suburbs in Dún Laoghaire-Rathdown, Dublin",188761,188761,188761,188761,188761,188761,188761,188761,201074,201074,201074,201074,201074,201074,201074
"Dublin Suburbs in Fingal, Dublin",114623,114623,114623,114623,114623,114623,114623,114623,130436,130436,130436,130436,130436,130436,130436
"Dublin Suburbs in South Dublin, Dublin",236174,236174,236174,236174,236174,236174,236174,236174,251505,251505,251505,251505,251505,251505,251505
"Duleek, Meath",3236,3236,3236,3236,3236,3236,3236,3236,3988,3988,3988,3988,3988,3988,3988
"Dunboyne, Meath",5713,5713,5713,5713,5713,5713,5713,5713,6959,6959,6959,6959,6959,6959,6959
"Duncannon, Wexford",291,291,291,291,291,291,291,291,328,328,328,328,328,328,328
"Dundalk Legal Town, Louth",29037,29037,29037,29037,29037,29037,29037,29037,31149,31149,31149,31149,31149,31149,31149
"Dundalk Environs, Louth",6048,6048,6048,6048,6048,6048,6048,6048,6667,6667,6667,6667,6667,6667,6667
"Dundalk Legal Town and Environs, Louth",35085,35085,35085,35085,35085,35085,35085,35085,37816,37816,37816,37816,37816,37816,37816
"Dunderrow, Cork",197,197,197,197,197,197,197,197,197,197,197,197,197,197,197
"Dunderry, Meath",186,186,186,186,186,186,186,186,186,186,186,186,186,186,186
"Dundrum, South Tipperary",191,191,191,191,191,191,191,191,220,220,220,220,220,220,220
"Dunfanaghy, Donegal",316,316,316,316,316,316,316,316,312,312,312,312,312,312,312
"Dungarvan Legal Town, Waterford",7813,7813,7813,7813,7813,7813,7813,7813,7991,7991,7991,7991,7991,7991,7991
"Dungarvan Environs, Waterford",549,549,549,549,549,549,549,549,1436,1436,1436,1436,1436,1436,1436
"Dunhill, Waterford",177,177,177,177,177,177,177,177,209,209,209,209,209,209,209
"Dunkineely, Donegal",363,363,363,363,363,363,363,363,375,375,375,375,375,375,375
"Dunlavin, Wicklow",849,849,849,849,849,849,849,849,830,830,830,830,830,830,830
"Dunleer, Louth",1449,1449,1449,1449,1449,1449,1449,1449,1786,1786,1786,1786,1786,1786,1786
"Dunmanway, Cork",1522,1522,1522,1522,1522,1522,1522,1522,1585,1585,1585,1585,1585,1585,1585
"Dunmore, Galway",614,614,614,614,614,614,614,614,577,577,577,577,577,577,577
"Dunmore East, Waterford",1547,1547,1547,1547,1547,1547,1547,1547,1559,1559,1559,1559,1559,1559,1559
"Dunshaughlin, Meath",3384,3384,3384,3384,3384,3384,3384,3384,3903,3903,3903,3903,3903,3903,3903
"Durrow, Laois",811,811,811,811,811,811,811,811,843,843,843,843,843,843,843
"Durrus, Cork",313,313,313,313,313,313,313,313,334,334,334,334,334,334,334
"Easky, Sligo",240,240,240,240,240,240,240,240,245,245,245,245,245,245,245
"Edenderry Legal Town, Offaly",5475,5475,5475,5475,5475,5475,5475,5475,6490,6490,6490,6490,6490,6490,6490
"Edenderry Environs, Offaly",413,413,413,413,413,413,413,413,487,487,487,487,487,487,487
"Edenderry Legal Town and Environs, Offaly",5888,5888,5888,5888,5888,5888,5888,5888,6977,6977,6977,6977,6977,6977,6977
"Edenderry, Offaly",5888,5888,5888,5888,5888,5888,5888,5888,6977,6977,6977,6977,6977,6977,6977
"Elphin, Roscommon",591,591,591,591,591,591,591,591,613,613,613,613,613,613,613
"Emly, South Tipperary",293,293,293,293,293,293,293,293,348,348,348,348,348,348,348
"Emo, Laois",225,225,225,225,225,225,225,225,245,245,245,245,245,245,245
"Emyvale, Monaghan",683,683,683,683,683,683,683,683,696,696,696,696,696,696,696
"Enfield, Meath",2161,2161,2161,2161,2161,2161,2161,2161,2929,2929,2929,2929,2929,2929,2929
"Ennis Legal Town, Clare",19998,19998,19998,19998,19998,19998,19998,19998,20180,20180,20180,20180,20180,20180,20180
"Ennis Environs, Clare",4255,4255,4255,4255,4255,4255,4255,4255,5180,5180,5180,5180,5180,5180,5180
"Enniscorthy Legal Town, Wexford",3241,3241,3241,3241,3241,3241,3241,3241,2842,2842,2842,2842,2842,2842,2842
"Enniscorthy Environs, Wexford",6297,6297,6297,6297,6297,6297,6297,6297,7996,7996,7996,7996,7996,7996,7996
"Enniscorthy Legal Town and Environs, Wexford",9538,9538,9538,9538,9538,9538,9538,9538,10838,10838,10838,10838,10838,10838,10838
"Enniscorthy, Wexford",9538,9538,9538,9538,9538,9538,9538,9538,10838,10838,10838,10838,10838,10838,10838
"Enniskerry, Wicklow",1881,1881,1881,1881,1881,1881,1881,1881,1811,1811,1811,1811,1811,1811,1811
"Ennistymon, Clare",813,813,813,813,813,813,813,813,957,957,957,957,957,957,957
"Erril, Laois",158,158,158,158,158,158,158,158,196,196,196,196,196,196,196
"Eyrecourt, Galway",292,292,292,292,292,292,292,292,264,264,264,264,264,264,264
"Fahan, Donegal",417,417,417,417,417,417,417,417,569,569,569,569,569,569,569
"Farran, Cork",338,338,338,338,338,338,338,338,335,335,335,335,335,335,335
"Feakle, Clare",122,122,122,122,122,122,122,122,113,113,113,113,113,113,113
"Fedamore, Limerick",215,215,215,215,215,215,215,215,298,298,298,298,298,298,298
"Fenit, Kerry",435,435,435,435,435,435,435,435,527,527,527,527,527,527,527
"Fennagh, Carlow",384,384,384,384,384,384,384,384,384,384,384,384,384,384,384
"Ferbane, Offaly",1164,1164,1164,1164,1164,1164,1164,1164,1165,1165,1165,1165,1165,1165,1165
"Fermoy Legal Town, Cork",2275,2275,2275,2275,2275,2275,2275,2275,2223,2223,2223,2223,2223,2223,2223
"Fermoy Environs, Cork",3598,3598,3598,3598,3598,3598,3598,3598,4266,4266,4266,4266,4266,4266,4266
"Ferns, Wexford",954,954,954,954,954,954,954,954,1362,1362,1362,1362,1362,1362,1362
"Fethard, South Tipperary",1374,1374,1374,1374,1374,1374,1374,1374,1541,1541,1541,1541,1541,1541,1541
"Fethard-on-Sea, Wexford",326,326,326,326,326,326,326,326,321,321,321,321,321,321,321
"Fiddown, Kilkenny",194,194,194,194,194,194,194,194,366,366,366,366,366,366,366
"Fieries, Kerry",491,491,491,491,491,491,491,491,491,491,491,491,491,491,491
"Fountainstown, Cork",887,887,887,887,887,887,887,887,894,894,894,894,894,894,894
"Foxford, Mayo",1058,1058,1058,1058,1058,1058,1058,1058,1326,1326,1326,1326,1326,1326,1326
"Foynes, Limerick",606,606,606,606,606,606,606,606,542,542,542,542,542,542,542
"Freemount, Cork",123,123,123,123,123,123,123,123,123,123,123,123,123,123,123
"Frenchpark, Roscommon",454,454,454,454,454,454,454,454,420,420,420,420,420,420,420
"Freshford, Kilkenny",734,734,734,734,734,734,734,734,685,685,685,685,685,685,685
"Galbally, Limerick",257,257,257,257,257,257,257,257,238,238,238,238,238,238,238
"Galway City, Galway",72414,72414,72414,72414,72414,72414,72414,72414,75529,75529,75529,75529,75529,75529,75529
"Galway Suburbs, Galway",315,315,315,315,315,315,315,315,1249,1249,1249,1249,1249,1249,1249
"Galway City and Suburbs, Galway",72729,72729,72729,72729,72729,72729,72729,72729,76778,76778,76778,76778,76778,76778,76778
"Garristown, Fingal",257,257,257,257,257,257,257,257,433,433,433,433,433,433,433
"Geashill, Offaly",328,328,328,328,328,328,328,328,375,375,375,375,375,375,375
"Glanworth, Cork",432,432,432,432,432,432,432,432,547,547,547,547,547,547,547
"Glassan, Westmeath",166,166,166,166,166,166,166,166,198,198,198,198,198,198,198
"Glasslough, Monaghan",290,290,290,290,290,290,290,290,348,348,348,348,348,348,348
"Glen, Limerick",420,420,420,420,420,420,420,420,455,455,455,455,455,455,455
"Glenamaddy, Galway",502,502,502,502,502,502,502,502,500,500,500,500,500,500,500
"Gleann Cholm Cille, Donegal",238,238,238,238,238,238,238,238,212,212,212,212,212,212,212
"Glenbeigh, Kerry",280,280,280,280,280,280,280,280,285,285,285,285,285,285,285
"Glencullen, Dún Laoghaire- Rathdown",189,189,189,189,189,189,189,189,268,268,268,268,268,268,268
"Glenealy, Wicklow",528,528,528,528,528,528,528,528,670,670,670,670,670,670,670
"Gleneely, Donegal",166,166,166,166,166,166,166,166,208,208,208,208,208,208,208
"Glenties, Donegal",811,811,811,811,811,811,811,811,869,869,869,869,869,869,869
"Glenville, Cork",489,489,489,489,489,489,489,489,489,489,489,489,489,489,489
"Glin, Limerick",566,566,566,566,566,566,566,566,577,577,577,577,577,577,577
"Gneevgullia, Kerry",233,233,233,233,233,233,233,233,256,256,256,256,256,256,256
"Gob an Choire, Mayo",302,302,302,302,302,302,302,302,275,275,275,275,275,275,275
"Golden, South Tipperary",255,255,255,255,255,255,255,255,269,269,269,269,269,269,269
"Goresbridge, Kilkenny",376,376,376,376,376,376,376,376,361,361,361,361,361,361,361
"Gorey Legal Town, Wexford",3479,3479,3479,3479,3479,3479,3479,3479,3463,3463,3463,3463,3463,3463,3463
"Gorey Environs, Wexford",3714,3714,3714,3714,3714,3714,3714,3714,5651,5651,5651,5651,5651,5651,5651
"Gormanston, Meath",355,355,355,355,355,355,355,355,500,500,500,500,500,500,500
"Gort, Galway",2734,2734,2734,2734,2734,2734,2734,2734,2644,2644,2644,2644,2644,2644,2644
"Gort an Choirce, Donegal",149,149,149,149,149,149,149,149,197,197,197,197,197,197,197
"Gortnahoo, South Tipperary",219,219,219,219,219,219,219,219,304,304,304,304,304,304,304
"Gowran, Kilkenny",487,487,487,487,487,487,487,487,742,742,742,742,742,742,742
"Grahormac, Wexford",309,309,309,309,309,309,309,309,466,466,466,466,466,466,466
"Graiguenamanagh-Tinnahinch, Carlow and Kilkenny",1376,1376,1376,1376,1376,1376,1376,1376,1543,1543,1543,1543,1543,1543,1543
"Granard Legal Town, Longford",933,933,933,933,933,933,933,933,1021,1021,1021,1021,1021,1021,1021
"Grange, Sligo",383,383,383,383,383,383,383,383,578,578,578,578,578,578,578
"Grangemore, Kildare",189,189,189,189,189,189,189,189,215,215,215,215,215,215,215
"Greencastle, Donegal",530,530,530,530,530,530,530,530,817,817,817,817,817,817,817
"Grenagh, Cork",562,562,562,562,562,562,562,562,562,562,562,562,562,562,562
"Greystones Legal Town, Wicklow",10112,10112,10112,10112,10112,10112,10112,10112,10173,10173,10173,10173,10173,10173,10173
"Greystones Environs, Wicklow",4457,4457,4457,4457,4457,4457,4457,4457,7295,7295,7295,7295,7295,7295,7295
"Gurteen, Sligo",269,269,269,269,269,269,269,269,349,349,349,349,349,349,349
"Hacketstown, Carlow",606,606,606,606,606,606,606,606,600,600,600,600,600,600,600
"Halfway, Cork",201,201,201,201,201,201,201,201,201,201,201,201,201,201,201
"Headford, Galway",760,760,760,760,760,760,760,760,889,889,889,889,889,889,889
"Holycross, North Tipperary and South Tipperary",700,700,700,700,700,700,700,700,714,714,714,714,714,714,714
"Hospital, Limerick",628,628,628,628,628,628,628,628,630,630,630,630,630,630,630
"Inagh, Clare",170,170,170,170,170,170,170,170,204,204,204,204,204,204,204
"Inchigeelagh, Cork",166,166,166,166,166,166,166,166,160,160,160,160,160,160,160
"Inistioge, Kilkenny",263,263,263,263,263,263,263,263,260,260,260,260,260,260,260
"Inniscrone, Sligo",829,829,829,829,829,829,829,829,1223,1223,1223,1223,1223,1223,1223
"Innishannon, Cork",678,678,678,678,678,678,678,678,767,767,767,767,767,767,767
"Inniskeen, Monaghan",292,292,292,292,292,292,292,292,265,265,265,265,265,265,265
"Jenkinstown, Louth",237,237,237,237,237,237,237,237,323,323,323,323,323,323,323
"Johnstown, Kildare",899,899,899,899,899,899,899,899,1004,1004,1004,1004,1004,1004,1004
"Johnstown, Kilkenny",445,445,445,445,445,445,445,445,472,472,472,472,472,472,472
"Johnstownbridge, Kildare",535,535,535,535,535,535,535,535,650,650,650,650,650,650,650
"Julianstown/Whitecross, Meath",615,615,615,615,615,615,615,615,616,616,616,616,616,616,616
"Kanturk, Cork",1915,1915,1915,1915,1915,1915,1915,1915,2263,2263,2263,2263,2263,2263,2263
"Keadew, Roscommon",219,219,219,219,219,219,219,219,187,187,187,187,187,187,187
"Keel-Dooagh, Mayo",561,561,561,561,561,561,561,561,582,582,582,582,582,582,582
"Keenagh, Longford",241,241,241,241,241,241,241,241,498,498,498,498,498,498,498
Kells (see Ceannanus Mór),2257,2257,2257,2257,2257,2257,2257,2257,2208,2208,2208,2208,2208,2208,2208
"Kells (Ceanannas) Environs, Meath",2991,2991,2991,2991,2991,2991,2991,2991,3680,3680,3680,3680,3680,3680,3680
"Kells, Kilkenny",268,268,268,268,268,268,268,268,281,281,281,281,281,281,281
"Kenmare, Kerry",1701,1701,1701,1701,1701,1701,1701,1701,2175,2175,2175,2175,2175,2175,2175
"Kentstown, Meath",912,912,912,912,912,912,912,912,1099,1099,1099,1099,1099,1099,1099
"Kernanstown, Carlow",230,230,230,230,230,230,230,230,221,221,221,221,221,221,221
"Kilbeggan, Westmeath",822,822,822,822,822,822,822,822,1199,1199,1199,1199,1199,1199,1199
"Kilberry, Kildare",421,421,421,421,421,421,421,421,408,408,408,408,408,408,408
"Kilbrin, Cork",174,174,174,174,174,174,174,174,174,174,174,174,174,174,174
"Kilbrittain, Cork",185,185,185,185,185,185,185,185,196,196,196,196,196,196,196
"Kilcloon, Meath",281,281,281,281,281,281,281,281,264,264,264,264,264,264,264
"Kilcock, Kildare",4100,4100,4100,4100,4100,4100,4100,4100,5533,5533,5533,5533,5533,5533,5533
"Kilcoole, Wicklow",3252,3252,3252,3252,3252,3252,3252,3252,4049,4049,4049,4049,4049,4049,4049
"Kilcormac (Frankford), Offaly",847,847,847,847,847,847,847,847,870,870,870,870,870,870,870
"Kilcrohane, Cork",90,90,90,90,90,90,90,90,90,90,90,90,90,90,90
"Kilcullen, Kildare",2985,2985,2985,2985,2985,2985,2985,2985,3473,3473,3473,3473,3473,3473,3473
"Kilcummin, Kerry",368,368,368,368,368,368,368,368,368,368,368,368,368,368,368
"Kildalkey, Meath",518,518,518,518,518,518,518,518,663,663,663,663,663,663,663
"Kildangan, Kildare",299,299,299,299,299,299,299,299,299,299,299,299,299,299,299
"Kildare, Kildare",7538,7538,7538,7538,7538,7538,7538,7538,8142,8142,8142,8142,8142,8142,8142
"Kildavin, Carlow",170,170,170,170,170,170,170,170,194,194,194,194,194,194,194
"Kildimo, Limerick",409,409,409,409,409,409,409,409,409,409,409,409,409,409,409
"Kildorrery, Cork",213,213,213,213,213,213,213,213,301,301,301,301,301,301,301
"Kildrum, Donegal",542,542,542,542,542,542,542,542,581,581,581,581,581,581,581
"Kildysart, Clare",311,311,311,311,311,311,311,311,378,378,378,378,378,378,378
"Kilfenora, Clare",169,169,169,169,169,169,169,169,220,220,220,220,220,220,220
"Kilfinane, Limerick",727,727,727,727,727,727,727,727,778,778,778,778,778,778,778
"Kilflynn, Kerry",126,126,126,126,126,126,126,126,126,126,126,126,126,126,126
"Kilgarvan, Kerry",164,164,164,164,164,164,164,164,181,181,181,181,181,181,181
"Kilkee Legal Town, Clare",1325,1325,1325,1325,1325,1325,1325,1325,1037,1037,1037,1037,1037,1037,1037
"Kilkee Environs, Clare",102,102,102,102,102,102,102,102,102,102,102,102,102,102,102
"Kilkee Legal Town and Environs, Clare",1325,1325,1325,1325,1325,1325,1325,1325,1139,1139,1139,1139,1139,1139,1139
"Kilkelly, Mayo",389,389,389,389,389,389,389,389,372,372,372,372,372,372,372
"Kilkenny Borough, Kilkenny",8661,8661,8661,8661,8661,8661,8661,8661,8711,8711,8711,8711,8711,8711,8711
"Kilkenny Environs, Kilkenny",13518,13518,13518,13518,13518,13518,13518,13518,15712,15712,15712,15712,15712,15712,15712
"Kilkishen, Clare",443,443,443,443,443,443,443,443,520,520,520,520,520,520,520
"Kill, Kildare",2510,2510,2510,2510,2510,2510,2510,2510,3095,3095,3095,3095,3095,3095,3095
"Kill, Waterford",194,194,194,194,194,194,194,194,281,281,281,281,281,281,281
"Killala, Mayo",569,569,569,569,569,569,569,569,574,574,574,574,574,574,574
"Killaloe, Clare",1035,1035,1035,1035,1035,1035,1035,1035,1292,1292,1292,1292,1292,1292,1292
"Killarney Legal Town, Kerry",13497,13497,13497,13497,13497,13497,13497,13497,12740,12740,12740,12740,12740,12740,12740
"Killarney Environs, Kerry",1106,1106,1106,1106,1106,1106,1106,1106,1479,1479,1479,1479,1479,1479,1479
"Killashee, Longford",208,208,208,208,208,208,208,208,208,208,208,208,208,208,208
"Killavullen, Cork",214,214,214,214,214,214,214,214,257,257,257,257,257,257,257
"Killeagh, Cork",521,521,521,521,521,521,521,521,721,721,721,721,721,721,721
"Killeigh, Offaly",159,159,159,159,159,159,159,159,197,197,197,197,197,197,197
"Killenard, Laois",622,622,622,622,622,622,622,622,622,622,622,622,622,622,622
"Killenaule, South Tipperary",597,597,597,597,597,597,597,597,713,713,713,713,713,713,713
"Killeshandra, Cavan",411,411,411,411,411,411,411,411,364,364,364,364,364,364,364
"Killimor, Galway",318,318,318,318,318,318,318,318,335,335,335,335,335,335,335
"Killinierin, Wexford",217,217,217,217,217,217,217,217,217,217,217,217,217,217,217
"Killorglin, Kerry",1627,1627,1627,1627,1627,1627,1627,1627,2082,2082,2082,2082,2082,2082,2082
"Killucan-Rathwire, Westmeath",812,812,812,812,812,812,812,812,1226,1226,1226,1226,1226,1226,1226
"Killumney, Cork",809,809,809,809,809,809,809,809,1046,1046,1046,1046,1046,1046,1046
"Killurin, Offaly",163,163,163,163,163,163,163,163,163,163,163,163,163,163,163
"Killybegs, Donegal",1280,1280,1280,1280,1280,1280,1280,1280,1297,1297,1297,1297,1297,1297,1297
"Killygordan, Donegal",357,357,357,357,357,357,357,357,608,608,608,608,608,608,608
"Kilmacanogue, Wicklow",839,839,839,839,839,839,839,839,1028,1028,1028,1028,1028,1028,1028
"Kilmacow, Kilkenny",526,526,526,526,526,526,526,526,627,627,627,627,627,627,627
"Kilmacrennan, Donegal",575,575,575,575,575,575,575,575,685,685,685,685,685,685,685
"Kilmacthomas, Waterford",783,783,783,783,783,783,783,783,871,871,871,871,871,871,871
"Kilmaine, Mayo",142,142,142,142,142,142,142,142,166,166,166,166,166,166,166
"Kilmainham, Meath",330,330,330,330,330,330,330,330,312,312,312,312,312,312,312
"Kilmallock, Limerick",1443,1443,1443,1443,1443,1443,1443,1443,1635,1635,1635,1635,1635,1635,1635
"Kilmead, Kildare",138,138,138,138,138,138,138,138,299,299,299,299,299,299,299
"Kilmeaden, Waterford",193,193,193,193,193,193,193,193,193,193,193,193,193,193,193
"Kilmeage, Kildare",683,683,683,683,683,683,683,683,997,997,997,997,997,997,997
"Kilmessan, Meath",341,341,341,341,341,341,341,341,586,586,586,586,586,586,586
"Kilmihill, Clare",362,362,362,362,362,362,362,362,426,426,426,426,426,426,426
"Kilmoganny, Kilkenny",228,228,228,228,228,228,228,228,226,226,226,226,226,226,226
"Kilmore Quay, Wexford",396,396,396,396,396,396,396,396,400,400,400,400,400,400,400
"Kilmuckeridge (Ford), Wexford",467,467,467,467,467,467,467,467,654,654,654,654,654,654,654
"Kilmurry, Clare",278,278,278,278,278,278,278,278,291,291,291,291,291,291,291
"Kilmyshall, Wexford",140,140,140,140,140,140,140,140,140,140,140,140,140,140,140
"Kilnaleck, Cavan",334,334,334,334,334,334,334,334,384,384,384,384,384,384,384
"Kilpedder, Wicklow",480,480,480,480,480,480,480,480,1287,1287,1287,1287,1287,1287,1287
"Kilrane, Wexford",432,432,432,432,432,432,432,432,594,594,594,594,594,594,594
"Kilrush Legal Town, Clare",2657,2657,2657,2657,2657,2657,2657,2657,2539,2539,2539,2539,2539,2539,2539
"Kilrush Environs, Clare",37,37,37,37,37,37,37,37,156,156,156,156,156,156,156
"Kilsheelan, South Tipperary",520,520,520,520,520,520,520,520,809,809,809,809,809,809,809
"Kilteel, Kildare",225,225,225,225,225,225,225,225,225,225,225,225,225,225,225
"Kilteely, Limerick",198,198,198,198,198,198,198,198,214,214,214,214,214,214,214
"Kiltimagh, Mayo",1096,1096,1096,1096,1096,1096,1096,1096,1127,1127,1127,1127,1127,1127,1127
"Kilworth, Cork",645,645,645,645,645,645,645,645,974,974,974,974,974,974,974
"Kingscourt, Cavan",1748,1748,1748,1748,1748,1748,1748,1748,2326,2326,2326,2326,2326,2326,2326
"Kinlough, Leitrim",690,690,690,690,690,690,690,690,1018,1018,1018,1018,1018,1018,1018
"Kinnegad, Westmeath",2245,2245,2245,2245,2245,2245,2245,2245,2662,2662,2662,2662,2662,2662,2662
"Kinnitty, Offaly",333,333,333,333,333,333,333,333,359,359,359,359,359,359,359
"Kinsale Legal Town, Cork",2298,2298,2298,2298,2298,2298,2298,2298,2198,2198,2198,2198,2198,2198,2198
"Kinsale Environs, Cork",1801,1801,1801,1801,1801,1801,1801,1801,2695,2695,2695,2695,2695,2695,2695
"Kinsaley, Fingal",214,214,214,214,214,214,214,214,214,214,214,214,214,214,214
"Kinsealy-Drinan, Fingal",3651,3651,3651,3651,3651,3651,3651,3651,5814,5814,5814,5814,5814,5814,5814
"Kinvara, Galway",563,563,563,563,563,563,563,563,620,620,620,620,620,620,620
"Knightstown, Kerry",156,156,156,156,156,156,156,156,215,215,215,215,215,215,215
"Knock, Mayo",745,745,745,745,745,745,745,745,811,811,811,811,811,811,811
"Knockananna, Wicklow",141,141,141,141,141,141,141,141,141,141,141,141,141,141,141
"Knockbridge, Louth",427,427,427,427,427,427,427,427,583,583,583,583,583,583,583
"Knockcroghery, Roscommon",307,307,307,307,307,307,307,307,307,307,307,307,307,307,307
"Knockglass, Cork",288,288,288,288,288,288,288,288,443,443,443,443,443,443,443
"Knocklong, Limerick",239,239,239,239,239,239,239,239,265,265,265,265,265,265,265
"Knocknagree, Cork",189,189,189,189,189,189,189,189,199,199,199,199,199,199,199
"Knockraha, Cork",230,230,230,230,230,230,230,230,341,341,341,341,341,341,341
"Knocktopher, Kilkenny",144,144,144,144,144,144,144,144,144,144,144,144,144,144,144
"Lackaghbeg, Galway",446,446,446,446,446,446,446,446,504,504,504,504,504,504,504
"Ladytown, Kildare",358,358,358,358,358,358,358,358,452,452,452,452,452,452,452
"Laghy, Donegal",169,169,169,169,169,169,169,169,197,197,197,197,197,197,197
"Lahardane, Mayo",156,156,156,156,156,156,156,156,156,156,156,156,156,156,156
"Lahinch, Clare",607,607,607,607,607,607,607,607,642,642,642,642,642,642,642
"Lanesborough-Ballyleague, Longford and Roscommon",1112,1112,1112,1112,1112,1112,1112,1112,1377,1377,1377,1377,1377,1377,1377
"Laragh, Wicklow",378,378,378,378,378,378,378,378,340,340,340,340,340,340,340
Lawcus Kilkenny,342,342,342,342,342,342,342,342,355,355,355,355,355,355,355
"Laytown-Bettystown-Mornington, Meath",8978,8978,8978,8978,8978,8978,8978,8978,10889,10889,10889,10889,10889,10889,10889
"Leap, Cork",242,242,242,242,242,242,242,242,240,240,240,240,240,240,240
"Legan, Longford",199,199,199,199,199,199,199,199,199,199,199,199,199,199,199
"Leighlinbridge, Carlow",674,674,674,674,674,674,674,674,828,828,828,828,828,828,828
"Leitrim, Leitrim",258,258,258,258,258,258,258,258,485,485,485,485,485,485,485
"Leixlip Legal Town, Kildare",14676,14676,14676,14676,14676,14676,14676,14676,15452,15452,15452,15452,15452,15452,15452
"Lemybrien, Waterford",194,194,194,194,194,194,194,194,206,206,206,206,206,206,206
"Letterfrack, Galway",192,192,192,192,192,192,192,192,192,192,192,192,192,192,192
"Letterkenny Legal Town, Donegal",15062,15062,15062,15062,15062,15062,15062,15062,15387,15387,15387,15387,15387,15387,15387
"Letterkenny Environs, Donegal",2524,2524,2524,2524,2524,2524,2524,2524,4201,4201,4201,4201,4201,4201,4201
"Lifford, Donegal",1448,1448,1448,1448,1448,1448,1448,1448,1658,1658,1658,1658,1658,1658,1658
"Limerick City, Limerick",52539,52539,52539,52539,52539,52539,52539,52539,57106,57106,57106,57106,57106,57106,57106
"Limerick Suburbs, Limerick and Clare",38218,38218,38218,38218,38218,38218,38218,38218,34348,34348,34348,34348,34348,34348,34348
"Liscannor, Clare",71,71,71,71,71,71,71,71,129,129,129,129,129,129,129
"Liscarroll, Cork",256,256,256,256,256,256,256,256,230,230,230,230,230,230,230
"Lisdoonvarna, Clare",767,767,767,767,767,767,767,767,739,739,739,739,739,739,739
"Lismore Legal Town, Waterford",790,790,790,790,790,790,790,790,732,732,732,732,732,732,732
"Lismore Environs, Waterford",450,450,450,450,450,450,450,450,637,637,637,637,637,637,637
"Lisronagh, South Tipperary",187,187,187,187,187,187,187,187,187,187,187,187,187,187,187
"Lissycasey, Clare",308,308,308,308,308,308,308,308,308,308,308,308,308,308,308
"Listowel Legal Town, Kerry",3901,3901,3901,3901,3901,3901,3901,3901,4205,4205,4205,4205,4205,4205,4205
"Listowel Environs, Kerry",437,437,437,437,437,437,437,437,627,627,627,627,627,627,627
"Littleton, North Tipperary",463,463,463,463,463,463,463,463,410,410,410,410,410,410,410
"Lixnaw, Kerry",431,431,431,431,431,431,431,431,634,634,634,634,634,634,634
"Loch an Iúir, Donegal",307,307,307,307,307,307,307,307,337,337,337,337,337,337,337
"Longford Legal Town, Longford",7622,7622,7622,7622,7622,7622,7622,7622,8002,8002,8002,8002,8002,8002,8002
"Longford Environs, Longford",1214,1214,1214,1214,1214,1214,1214,1214,1599,1599,1599,1599,1599,1599,1599
"Longwood, Meath",877,877,877,877,877,877,877,877,1378,1378,1378,1378,1378,1378,1378
"Loughglinn, Roscommon",208,208,208,208,208,208,208,208,204,204,204,204,204,204,204
"Loughrea Legal Town, Galway",4532,4532,4532,4532,4532,4532,4532,4532,5062,5062,5062,5062,5062,5062,5062
"Loughshinny, Fingal",641,641,641,641,641,641,641,641,670,670,670,670,670,670,670
"Lough Gowna, Cavan",123,123,123,123,123,123,123,123,161,161,161,161,161,161,161
"Louisburgh, Mayo",314,314,314,314,314,314,314,314,422,422,422,422,422,422,422
"Louth, Louth",549,549,549,549,549,549,549,549,715,715,715,715,715,715,715
"Lusk, Fingal",5236,5236,5236,5236,5236,5236,5236,5236,7022,7022,7022,7022,7022,7022,7022
"Lyre, Cork",134,134,134,134,134,134,134,134,134,134,134,134,134,134,134
"Macroom Legal Town, Cork",3407,3407,3407,3407,3407,3407,3407,3407,3738,3738,3738,3738,3738,3738,3738
"Macroom Environs, Cork",146,146,146,146,146,146,146,146,141,141,141,141,141,141,141
"Maddenstown, Kildare",154,154,154,154,154,154,154,154,145,145,145,145,145,145,145
"Maigh Cuilinn, Galway",1237,1237,1237,1237,1237,1237,1237,1237,1559,1559,1559,1559,1559,1559,1559
"Malahide, Fingal",14937,14937,14937,14937,14937,14937,14937,14937,15846,15846,15846,15846,15846,15846,15846
"Malin, Donegal",122,122,122,122,122,122,122,122,106,106,106,106,106,106,106
"Mallow Legal Town, Cork",7864,7864,7864,7864,7864,7864,7864,7864,8578,8578,8578,8578,8578,8578,8578
"Mallow Environs, Cork",2377,2377,2377,2377,2377,2377,2377,2377,3027,3027,3027,3027,3027,3027,3027
"Manorcunningham, Donegal",414,414,414,414,414,414,414,414,643,643,643,643,643,643,643
"Manorhamilton, Leitrim",1158,1158,1158,1158,1158,1158,1158,1158,1336,1336,1336,1336,1336,1336,1336
"Manor Kilbride, Wicklow",281,281,281,281,281,281,281,281,281,281,281,281,281,281,281
"Maynooth, Kildare",10715,10715,10715,10715,10715,10715,10715,10715,12510,12510,12510,12510,12510,12510,12510
"Meathas Truim (Edgeworthstown), Longford",1221,1221,1221,1221,1221,1221,1221,1221,1744,1744,1744,1744,1744,1744,1744
"Midleton Legal Town, Cork",3934,3934,3934,3934,3934,3934,3934,3934,3733,3733,3733,3733,3733,3733,3733
"Midleton Environs, Cork",6114,6114,6114,6114,6114,6114,6114,6114,8268,8268,8268,8268,8268,8268,8268
"Milford, Cork",176,176,176,176,176,176,176,176,251,251,251,251,251,251,251
"Milford, Donegal",829,829,829,829,829,829,829,829,970,970,970,970,970,970,970
"Millstreet, Cork",1401,1401,1401,1401,1401,1401,1401,1401,1574,1574,1574,1574,1574,1574,1574
"Milltown, Kerry",415,415,415,415,415,415,415,415,838,838,838,838,838,838,838
"Milltown, Kildare",242,242,242,242,242,242,242,242,365,365,365,365,365,365,365
"Milltown, Galway",199,199,199,199,199,199,199,199,199,199,199,199,199,199,199
"Miltown Malbay, Clare",570,570,570,570,570,570,570,570,777,777,777,777,777,777,777
"Mín Lárach, Donegal",372,372,372,372,372,372,372,372,442,442,442,442,442,442,442
"Mitchelstown, Cork",3365,3365,3365,3365,3365,3365,3365,3365,3677,3677,3677,3677,3677,3677,3677
"Moate, Westmeath",1888,1888,1888,1888,1888,1888,1888,1888,2731,2731,2731,2731,2731,2731,2731
"Model Village (Dripsey), Cork",304,304,304,304,304,304,304,304,345,345,345,345,345,345,345
"Mogeely, Cork",327,327,327,327,327,327,327,327,327,327,327,327,327,327,327
"Mohill, Leitrim",931,931,931,931,931,931,931,931,928,928,928,928,928,928,928
"Monaghan Legal Town, Monaghan",6221,6221,6221,6221,6221,6221,6221,6221,6637,6637,6637,6637,6637,6637,6637
"Monaghan Environs, Monaghan",489,489,489,489,489,489,489,489,815,815,815,815,815,815,815
"Monard, South Tipperary",205,205,205,205,205,205,205,205,205,205,205,205,205,205,205
"Monasterevin, Kildare",3017,3017,3017,3017,3017,3017,3017,3017,3710,3710,3710,3710,3710,3710,3710
"Moneenroe, Kilkenny",688,688,688,688,688,688,688,688,761,761,761,761,761,761,761
"Moneygall, Offaly",298,298,298,298,298,298,298,298,310,310,310,310,310,310,310
"Monivea, Galway",337,337,337,337,337,337,337,337,296,296,296,296,296,296,296
"Mooncoin, Kilkenny",1002,1002,1002,1002,1002,1002,1002,1002,1166,1166,1166,1166,1166,1166,1166
"Moroe, Limerick",624,624,624,624,624,624,624,624,1271,1271,1271,1271,1271,1271,1271
"Mount Bellew, Galway",746,746,746,746,746,746,746,746,784,784,784,784,784,784,784
"Mountcharles, Donegal",497,497,497,497,497,497,497,497,468,468,468,468,468,468,468
"Mountcollins, Limerick",221,221,221,221,221,221,221,221,216,216,216,216,216,216,216
"Mountmellick Legal Town, Laois",2872,2872,2872,2872,2872,2872,2872,2872,2998,2998,2998,2998,2998,2998,2998
"Mountmellick Environs, Laois",1197,1197,1197,1197,1197,1197,1197,1197,1737,1737,1737,1737,1737,1737,1737
"Mountshannon, Clare",133,133,133,133,133,133,133,133,152,152,152,152,152,152,152
"Mountrath, Laois",1435,1435,1435,1435,1435,1435,1435,1435,1661,1661,1661,1661,1661,1661,1661
"Moville, Donegal",1427,1427,1427,1427,1427,1427,1427,1427,1481,1481,1481,1481,1481,1481,1481
"Moylough, Galway",357,357,357,357,357,357,357,357,503,503,503,503,503,503,503
"Mucklagh, Offaly",708,708,708,708,708,708,708,708,810,810,810,810,810,810,810
"Muff, Donegal",947,947,947,947,947,947,947,947,1271,1271,1271,1271,1271,1271,1271
"Muinebeag (Bagenalstown), Legal Town, Carlow",2532,2532,2532,2532,2532,2532,2532,2532,2775,2775,2775,2775,2775,2775,2775
"Muinebeag (Bagenalstown), Environs, Carlow",203,203,203,203,203,203,203,203,175,175,175,175,175,175,175
"Mullagh, Cavan",679,679,679,679,679,679,679,679,1137,1137,1137,1137,1137,1137,1137
"Mullaghmore, Sligo",147,147,147,147,147,147,147,147,128,128,128,128,128,128,128
"Mullinahone, South Tipperary",372,372,372,372,372,372,372,372,481,481,481,481,481,481,481
"Mullinavat, Kilkenny",255,255,255,255,255,255,255,255,259,259,259,259,259,259,259
"Mullingar Legal Town, Westmeath",8940,8940,8940,8940,8940,8940,8940,8940,9414,9414,9414,9414,9414,9414,9414
"Mullingar Environs, Westmeath",9476,9476,9476,9476,9476,9476,9476,9476,10689,10689,10689,10689,10689,10689,10689
"Mulranny, Mayo",242,242,242,242,242,242,242,242,242,242,242,242,242,242,242
"Multyfarnham, Westmeath",193,193,193,193,193,193,193,193,376,376,376,376,376,376,376
"Mungret, Limerick",252,252,252,252,252,252,252,252,286,286,286,286,286,286,286
"Murntown, Wexford",347,347,347,347,347,347,347,347,363,363,363,363,363,363,363
"Myshall, Carlow",200,200,200,200,200,200,200,200,302,302,302,302,302,302,302
"Naas Legal Town, Kildare",20044,20044,20044,20044,20044,20044,20044,20044,20713,20713,20713,20713,20713,20713,20713
"Na Forbacha, Galway",175,175,175,175,175,175,175,175,308,308,308,308,308,308,308
"Narraghmore, Kildare",345,345,345,345,345,345,345,345,345,345,345,345,345,345,345
"Naul, Fingal",196,196,196,196,196,196,196,196,445,445,445,445,445,445,445
"Navan (An Uaimh), Legal Town, Meath",3710,3710,3710,3710,3710,3710,3710,3710,28158,28158,28158,28158,28158,28158,28158
"Navan (An Uaimh), Environs, Meath",21141,21141,21141,21141,21141,21141,21141,21141,401,401,401,401,401,401,401
"Nenagh Legal Town, North Tipperary",7415,7415,7415,7415,7415,7415,7415,7415,8023,8023,8023,8023,8023,8023,8023
"Nenagh Environs, North Tipperary",336,336,336,336,336,336,336,336,416,416,416,416,416,416,416
"Newbawn, Wexford",204,204,204,204,204,204,204,204,184,184,184,184,184,184,184
"Newbliss, Monaghan",317,317,317,317,317,317,317,317,331,331,331,331,331,331,331
"Newcastle, South Dublin",1506,1506,1506,1506,1506,1506,1506,1506,2659,2659,2659,2659,2659,2659,2659
"Newcastle, South Tipperary",245,245,245,245,245,245,245,245,328,328,328,328,328,328,328
"Newcastle, Wicklow",837,837,837,837,837,837,837,837,951,951,951,951,951,951,951
"Newcastle West, Limerick",5098,5098,5098,5098,5098,5098,5098,5098,6327,6327,6327,6327,6327,6327,6327
"Newmarket, Cork",949,949,949,949,949,949,949,949,988,988,988,988,988,988,988
"Newmarket-on-Fergus, Clare",1542,1542,1542,1542,1542,1542,1542,1542,1773,1773,1773,1773,1773,1773,1773
"Newport, Mayo",590,590,590,590,590,590,590,590,616,616,616,616,616,616,616
"Newport, North Tipperary",1286,1286,1286,1286,1286,1286,1286,1286,1806,1806,1806,1806,1806,1806,1806
"New Ross Legal Town, Wexford",4677,4677,4677,4677,4677,4677,4677,4677,4533,4533,4533,4533,4533,4533,4533
"New Ross Environs, Kilkenny and Wexford",3032,3032,3032,3032,3032,3032,3032,3032,3618,3618,3618,3618,3618,3618,3618
"Newtown, Cork",321,321,321,321,321,321,321,321,405,405,405,405,405,405,405
"Newtown, Laois",222,222,222,222,222,222,222,222,246,246,246,246,246,246,246
"Newtown, North Tipperary",191,191,191,191,191,191,191,191,296,296,296,296,296,296,296
"Newtowncunningham, Donegal",999,999,999,999,999,999,999,999,1067,1067,1067,1067,1067,1067,1067
"Newtownforbes, Longford",668,668,668,668,668,668,668,668,759,759,759,759,759,759,759
"Newtownmountkennedy, Wicklow",2548,2548,2548,2548,2548,2548,2548,2548,2410,2410,2410,2410,2410,2410,2410
"Newtownsandes, Kerry",387,387,387,387,387,387,387,387,401,401,401,401,401,401,401
"Nobber, Meath",233,233,233,233,233,233,233,233,357,357,357,357,357,357,357
"Nurney, Kildare",354,354,354,354,354,354,354,354,389,389,389,389,389,389,389
"O'Briensbridge-Montpelier, Clare and Limerick",378,378,378,378,378,378,378,378,383,383,383,383,383,383,383
"Oilgate, Wexford",324,324,324,324,324,324,324,324,385,385,385,385,385,385,385
"Oldcastle, Meath",1316,1316,1316,1316,1316,1316,1316,1316,1384,1384,1384,1384,1384,1384,1384
"Oldtown, Fingal",220,220,220,220,220,220,220,220,455,455,455,455,455,455,455
"Omeath, Louth",439,439,439,439,439,439,439,439,503,503,503,503,503,503,503
"Oola, Limerick",386,386,386,386,386,386,386,386,311,311,311,311,311,311,311
"Oram, Monaghan",145,145,145,145,145,145,145,145,145,145,145,145,145,145,145
"Oranmore, Galway",3513,3513,3513,3513,3513,3513,3513,3513,4799,4799,4799,4799,4799,4799,4799
"Oughterard, Galway",1305,1305,1305,1305,1305,1305,1305,1305,1333,1333,1333,1333,1333,1333,1333
"Oulart, Wexford",197,197,197,197,197,197,197,197,257,257,257,257,257,257,257
"Palatine, Carlow",351,351,351,351,351,351,351,351,351,351,351,351,351,351,351
"Pallas Grean, Limerick",359,359,359,359,359,359,359,359,589,589,589,589,589,589,589
"Pallaskenry, Limerick",534,534,534,534,534,534,534,534,664,664,664,664,664,664,664
"Passage East, Waterford",644,644,644,644,644,644,644,644,806,806,806,806,806,806,806
"Passage West Legal Town, Cork",4818,4818,4818,4818,4818,4818,4818,4818,5122,5122,5122,5122,5122,5122,5122
"Passage West Environs, Cork",385,385,385,385,385,385,385,385,668,668,668,668,668,668,668
"Patrickswell, Limerick",924,924,924,924,924,924,924,924,841,841,841,841,841,841,841
"Paulstown, Kilkenny",598,598,598,598,598,598,598,598,791,791,791,791,791,791,791
"Pettigo (pt.) (a), Donegal",280,280,280,280,280,280,280,280,239,239,239,239,239,239,239
"Piercetown, Wexford",528,528,528,528,528,528,528,528,555,555,555,555,555,555,555
"Piltown, Kilkenny",968,968,968,968,968,968,968,968,1187,1187,1187,1187,1187,1187,1187
"Pollagh, Offaly",229,229,229,229,229,229,229,229,251,251,251,251,251,251,251
"Portarlington, Laois and Offaly",6004,6004,6004,6004,6004,6004,6004,6004,7788,7788,7788,7788,7788,7788,7788
"Portlaoise (Maryborough), Legal Town, Laois",3281,3281,3281,3281,3281,3281,3281,3281,3639,3639,3639,3639,3639,3639,3639
"Portlaoise (Maryborough), Environs, Laois",11332,11332,11332,11332,11332,11332,11332,11332,16506,16506,16506,16506,16506,16506,16506
"Portlaw, Waterford",1495,1495,1495,1495,1495,1495,1495,1495,1696,1696,1696,1696,1696,1696,1696
"Portmagee, Kerry",109,109,109,109,109,109,109,109,109,109,109,109,109,109,109
"Portmarnock, Fingal",8979,8979,8979,8979,8979,8979,8979,8979,9285,9285,9285,9285,9285,9285,9285
"Portrane, Fingal",1532,1532,1532,1532,1532,1532,1532,1532,1372,1372,1372,1372,1372,1372,1372
"Portroe, North Tipperary",454,454,454,454,454,454,454,454,468,468,468,468,468,468,468
"Portumna, Galway",1377,1377,1377,1377,1377,1377,1377,1377,1530,1530,1530,1530,1530,1530,1530
"Prosperous, Kildare",1939,1939,1939,1939,1939,1939,1939,1939,2248,2248,2248,2248,2248,2248,2248
"Puckaun, North Tipperary",239,239,239,239,239,239,239,239,273,273,273,273,273,273,273
"Quigleys Point, Donegal",227,227,227,227,227,227,227,227,227,227,227,227,227,227,227
"Quilty, Clare",194,194,194,194,194,194,194,194,181,181,181,181,181,181,181
"Quin, Clare",565,565,565,565,565,565,565,565,935,935,935,935,935,935,935
"Raharney, Westmeath",231,231,231,231,231,231,231,231,227,227,227,227,227,227,227
"Ramelton, Donegal",1088,1088,1088,1088,1088,1088,1088,1088,1212,1212,1212,1212,1212,1212,1212
"Rann na Feirste, Donegal",319,319,319,319,319,319,319,319,352,352,352,352,352,352,352
"Raphoe, Donegal",1065,1065,1065,1065,1065,1065,1065,1065,1157,1157,1157,1157,1157,1157,1157
"Rathangan, Kildare",1718,1718,1718,1718,1718,1718,1718,1718,2374,2374,2374,2374,2374,2374,2374
"Rathard, Cork",389,389,389,389,389,389,389,389,560,560,560,560,560,560,560
"Rathcoole, South Dublin",2927,2927,2927,2927,2927,2927,2927,2927,3421,3421,3421,3421,3421,3421,3421
"Rathcoole, Cork",198,198,198,198,198,198,198,198,198,198,198,198,198,198,198
"Rathcormac, Cork",1072,1072,1072,1072,1072,1072,1072,1072,1534,1534,1534,1534,1534,1534,1534
"Rathdowney, Laois",1212,1212,1212,1212,1212,1212,1212,1212,1208,1208,1208,1208,1208,1208,1208
"Rathdrum, Wicklow",1405,1405,1405,1405,1405,1405,1405,1405,1586,1586,1586,1586,1586,1586,1586
"Rathkeale, Limerick",1494,1494,1494,1494,1494,1494,1494,1494,1550,1550,1550,1550,1550,1550,1550
"Rathluirc (Charleville), Cork and Limerick",2984,2984,2984,2984,2984,2984,2984,2984,3672,3672,3672,3672,3672,3672,3672
"Rathmolyon, Meath",168,168,168,168,168,168,168,168,298,298,298,298,298,298,298
"Rathmore, Kerry",611,611,611,611,611,611,611,611,778,778,778,778,778,778,778
"Rathmullen, Donegal",469,469,469,469,469,469,469,469,518,518,518,518,518,518,518
"Rathnew, Wicklow",1849,1849,1849,1849,1849,1849,1849,1849,2964,2964,2964,2964,2964,2964,2964
"Rathtoe, Carlow",303,303,303,303,303,303,303,303,303,303,303,303,303,303,303
"Rathvilly, Carlow",796,796,796,796,796,796,796,796,881,881,881,881,881,881,881
"Ratoath, Meath",7249,7249,7249,7249,7249,7249,7249,7249,9043,9043,9043,9043,9043,9043,9043
"Reardnogy, North Tipperary",137,137,137,137,137,137,137,137,176,176,176,176,176,176,176
"Redcross, Wicklow",196,196,196,196,196,196,196,196,241,241,241,241,241,241,241
"Rhode, Offaly",778,778,778,778,778,778,778,778,778,778,778,778,778,778,778
"Ringaskiddy (Loughbeg), Cork",514,514,514,514,514,514,514,514,478,478,478,478,478,478,478
"Rivermeade, Fingal",615,615,615,615,615,615,615,615,543,543,543,543,543,543,543
"Riverstick, Cork",592,592,592,592,592,592,592,592,592,592,592,592,592,592,592
"Riverstown, Sligo",310,310,310,310,310,310,310,310,374,374,374,374,374,374,374
"Robertstown, Kildare",621,621,621,621,621,621,621,621,669,669,669,669,669,669,669
"Rochfortbridge, Westmeath",1473,1473,1473,1473,1473,1473,1473,1473,1494,1494,1494,1494,1494,1494,1494
"Rockcorry, Monaghan",292,292,292,292,292,292,292,292,310,310,310,310,310,310,310
"Roosky, Leitrim and Roscommon",329,329,329,329,329,329,329,329,523,523,523,523,523,523,523
"Roscommon, Roscommon",5017,5017,5017,5017,5017,5017,5017,5017,5693,5693,5693,5693,5693,5693,5693
"Roscrea, North Tipperary",4910,4910,4910,4910,4910,4910,4910,4910,5403,5403,5403,5403,5403,5403,5403
"Rosegreen, South Tipperary",201,201,201,201,201,201,201,201,170,170,170,170,170,170,170
"Rosscahill, Galway",240,240,240,240,240,240,240,240,295,295,295,295,295,295,295
"Rosscarbery, Cork",507,507,507,507,507,507,507,507,534,534,534,534,534,534,534
"Rosses Point, Sligo",872,872,872,872,872,872,872,872,824,824,824,824,824,824,824
"Rosslare, Wexford",1359,1359,1359,1359,1359,1359,1359,1359,1547,1547,1547,1547,1547,1547,1547
"Roundstone, Galway",207,207,207,207,207,207,207,207,245,245,245,245,245,245,245
"Roundwood, Wicklow",589,589,589,589,589,589,589,589,833,833,833,833,833,833,833
"Rush, Fingal",8286,8286,8286,8286,8286,8286,8286,8286,9231,9231,9231,9231,9231,9231,9231
"Saggart, South Dublin",868,868,868,868,868,868,868,868,2144,2144,2144,2144,2144,2144,2144
"St. Johnston, Donegal",479,479,479,479,479,479,479,479,583,583,583,583,583,583,583
"Saleen, Cork",374,374,374,374,374,374,374,374,374,374,374,374,374,374,374
"Sallins, Kildare",3806,3806,3806,3806,3806,3806,3806,3806,5283,5283,5283,5283,5283,5283,5283
"Scarriff, Clare",798,798,798,798,798,798,798,798,816,816,816,816,816,816,816
"Schull, Cork",576,576,576,576,576,576,576,576,658,658,658,658,658,658,658
"Scotstown, Monaghan",250,250,250,250,250,250,250,250,370,370,370,370,370,370,370
"Shanagarry, Cork",297,297,297,297,297,297,297,297,414,414,414,414,414,414,414
"Shanagolden, Limerick",292,292,292,292,292,292,292,292,294,294,294,294,294,294,294
"Shanbally, Cork",337,337,337,337,337,337,337,337,337,337,337,337,337,337,337
"Shanballymore, Cork",160,160,160,160,160,160,160,160,160,160,160,160,160,160,160
"Shannon Legal Town, Clare",8481,8481,8481,8481,8481,8481,8481,8481,9673,9673,9673,9673,9673,9673,9673
"Shannon Environs, Clare",741,741,741,741,741,741,741,741,741,741,741,741,741,741,741
"Shannonbridge, Offaly",221,221,221,221,221,221,221,221,206,206,206,206,206,206,206
"Shercock, Cavan",461,461,461,461,461,461,461,461,531,531,531,531,531,531,531
"Shillelagh, Wicklow",311,311,311,311,311,311,311,311,341,341,341,341,341,341,341
"Shinrone, Offaly",591,591,591,591,591,591,591,591,634,634,634,634,634,634,634
"Shrule, Mayo",425,425,425,425,425,425,425,425,418,418,418,418,418,418,418
"Silvermines, North Tipperary",269,269,269,269,269,269,269,269,288,288,288,288,288,288,288
"Sixmilebridge, Clare",1659,1659,1659,1659,1659,1659,1659,1659,2507,2507,2507,2507,2507,2507,2507
"Skerries, Fingal",9535,9535,9535,9535,9535,9535,9535,9535,9671,9671,9671,9671,9671,9671,9671
"Skibbereen Legal Town, Cork",2338,2338,2338,2338,2338,2338,2338,2338,2568,2568,2568,2568,2568,2568,2568
"Skibbereen Environs, Cork",102,102,102,102,102,102,102,102,102,102,102,102,102,102,102
"Slane, Meath",1099,1099,1099,1099,1099,1099,1099,1099,1349,1349,1349,1349,1349,1349,1349
"Slieverue, Kilkenny",484,484,484,484,484,484,484,484,499,499,499,499,499,499,499
"Sligo Borough, Sligo",17892,17892,17892,17892,17892,17892,17892,17892,17568,17568,17568,17568,17568,17568,17568
"Sligo Environs, Sligo",1510,1510,1510,1510,1510,1510,1510,1510,1884,1884,1884,1884,1884,1884,1884
"Smithborough, Monaghan",309,309,309,309,309,309,309,309,363,363,363,363,363,363,363
"Sneem, Kerry",279,279,279,279,279,279,279,279,258,258,258,258,258,258,258
"Spa, Kerry",417,417,417,417,417,417,417,417,460,460,460,460,460,460,460
"Stamullen, Meath",2487,2487,2487,2487,2487,2487,2487,2487,3130,3130,3130,3130,3130,3130,3130
"Stradbally, Laois",1056,1056,1056,1056,1056,1056,1056,1056,1154,1154,1154,1154,1154,1154,1154
"Stradbally, Waterford",391,391,391,391,391,391,391,391,420,420,420,420,420,420,420
"Straffan, Kildare",439,439,439,439,439,439,439,439,635,635,635,635,635,635,635
"Stratford, Wicklow",163,163,163,163,163,163,163,163,217,217,217,217,217,217,217
"Strandhill, Sligo",1413,1413,1413,1413,1413,1413,1413,1413,1596,1596,1596,1596,1596,1596,1596
"Strokestown, Roscommon",773,773,773,773,773,773,773,773,814,814,814,814,814,814,814
"Summerhill, Meath",799,799,799,799,799,799,799,799,832,832,832,832,832,832,832
"Suncroft, Kildare",607,607,607,607,607,607,607,607,735,735,735,735,735,735,735
"Swanlinbar, Cavan",266,266,266,266,266,266,266,266,211,211,211,211,211,211,211
"Swinford, Mayo",1502,1502,1502,1502,1502,1502,1502,1502,1435,1435,1435,1435,1435,1435,1435
"Swords, Fingal",33998,33998,33998,33998,33998,33998,33998,33998,36924,36924,36924,36924,36924,36924,36924
"Taghmon, Wexford",674,674,674,674,674,674,674,674,623,623,623,623,623,623,623
"Tallanstown, Louth",653,653,653,653,653,653,653,653,673,673,673,673,673,673,673
"Tallow, Waterford",911,911,911,911,911,911,911,911,962,962,962,962,962,962,962
"Tarbert, Kerry",550,550,550,550,550,550,550,550,551,551,551,551,551,551,551
"Templemore Legal Town, North Tipperary",2255,2255,2255,2255,2255,2255,2255,2255,1941,1941,1941,1941,1941,1941,1941
"Templemore Environs, North Tipperary",129,129,129,129,129,129,129,129,130,130,130,130,130,130,130
"Templemore, North Tipperary",2384,2384,2384,2384,2384,2384,2384,2384,2071,2071,2071,2071,2071,2071,2071
"Templetuohy, North Tipperary",322,322,322,322,322,322,322,322,323,323,323,323,323,323,323
"Termonbarry, Co Roscommon",366,366,366,366,366,366,366,366,366,366,366,366,366,366,366
"Termonfeckin, Louth",653,653,653,653,653,653,653,653,1443,1443,1443,1443,1443,1443,1443
"The Ballagh, Wexford",477,477,477,477,477,477,477,477,477,477,477,477,477,477,477
"The Commons, South Tipperary",152,152,152,152,152,152,152,152,152,152,152,152,152,152,152
"The Swan, Laois",213,213,213,213,213,213,213,213,213,213,213,213,213,213,213
"Thomastown, Kilkenny",1837,1837,1837,1837,1837,1837,1837,1837,2273,2273,2273,2273,2273,2273,2273
"Thurles Legal Town, North Tipperary",6831,6831,6831,6831,6831,6831,6831,6831,6929,6929,6929,6929,6929,6929,6929
"Thurles Environs, North Tipperary",851,851,851,851,851,851,851,851,1004,1004,1004,1004,1004,1004,1004
"Tievebane, Donegal",235,235,235,235,235,235,235,235,351,351,351,351,351,351,351
"Timoleague, Cork",365,365,365,365,365,365,365,365,373,373,373,373,373,373,373
"Tinahely, Wicklow",965,965,965,965,965,965,965,965,970,970,970,970,970,970,970
"Tinriland, Carlow",243,243,243,243,243,243,243,243,418,418,418,418,418,418,418
"Tinure, Louth",387,387,387,387,387,387,387,387,456,456,456,456,456,456,456
"Tipperary Legal Town, South Tipperary",4415,4415,4415,4415,4415,4415,4415,4415,4322,4322,4322,4322,4322,4322,4322
"Tipperary Environs, South Tipperary",650,650,650,650,650,650,650,650,988,988,988,988,988,988,988
"Toomevara, North Tipperary",286,286,286,286,286,286,286,286,311,311,311,311,311,311,311
"Toornafulla, Limerick",152,152,152,152,152,152,152,152,152,152,152,152,152,152,152
"Tower, Cork",3102,3102,3102,3102,3102,3102,3102,3102,3306,3306,3306,3306,3306,3306,3306
"Tralee Legal Town, Kerry",20288,20288,20288,20288,20288,20288,20288,20288,20814,20814,20814,20814,20814,20814,20814
"Tralee Environs, Kerry",2456,2456,2456,2456,2456,2456,2456,2456,2879,2879,2879,2879,2879,2879,2879
"Tramore Legal Town, Waterford",9192,9192,9192,9192,9192,9192,9192,9192,9722,9722,9722,9722,9722,9722,9722
"Tramore Environs, Waterford",442,442,442,442,442,442,442,442,606,606,606,606,606,606,606
"Trim Legal Town, Meath",1375,1375,1375,1375,1375,1375,1375,1375,1441,1441,1441,1441,1441,1441,1441
"Trim Environs, Meath",5495,5495,5495,5495,5495,5495,5495,5495,6827,6827,6827,6827,6827,6827,6827
"Tuam Legal Town, Galway",2997,2997,2997,2997,2997,2997,2997,2997,3348,3348,3348,3348,3348,3348,3348
"Tuam Environs, Galway",3888,3888,3888,3888,3888,3888,3888,3888,4894,4894,4894,4894,4894,4894,4894
"Tubbercurry, Sligo",1421,1421,1421,1421,1421,1421,1421,1421,1747,1747,1747,1747,1747,1747,1747
"Tulla, Clare",645,645,645,645,645,645,645,645,662,662,662,662,662,662,662
"Tullaghan, Leitrim",216,216,216,216,216,216,216,216,228,228,228,228,228,228,228
"Tullamore Legal Town, Offaly",10900,10900,10900,10900,10900,10900,10900,10900,11346,11346,11346,11346,11346,11346,11346
"Tullamore Environs, Offaly",2027,2027,2027,2027,2027,2027,2027,2027,3015,3015,3015,3015,3015,3015,3015
"Tullow, Carlow",3048,3048,3048,3048,3048,3048,3048,3048,3972,3972,3972,3972,3972,3972,3972
"Tullyallen, Louth",1036,1036,1036,1036,1036,1036,1036,1036,1358,1358,1358,1358,1358,1358,1358
"Tulsk, Roscommon",195,195,195,195,195,195,195,195,195,195,195,195,195,195,195
"Turlough, Mayo",272,272,272,272,272,272,272,272,272,272,272,272,272,272,272
"Twomileborris, North Tipperary",550,550,550,550,550,550,550,550,548,548,548,548,548,548,548
"Tyrrellspass, Westmeath",493,493,493,493,493,493,493,493,506,506,506,506,506,506,506
"Unionhall, Cork",192,192,192,192,192,192,192,192,252,252,252,252,252,252,252
"Urlingford, Kilkenny",867,867,867,867,867,867,867,867,973,973,973,973,973,973,973
"Villierstown, Waterford",260,260,260,260,260,260,260,260,279,279,279,279,279,279,279
"Virginia, Cavan",1734,1734,1734,1734,1734,1734,1734,1734,2282,2282,2282,2282,2282,2282,2282
"Waterford City, Waterford",45748,45748,45748,45748,45748,45748,45748,45748,46732,46732,46732,46732,46732,46732,46732
"Waterford Suburbs, Kilkenny",3465,3465,3465,3465,3465,3465,3465,3465,4787,4787,4787,4787,4787,4787,4787
"Watergrasshill, Cork",860,860,860,860,860,860,860,860,1161,1161,1161,1161,1161,1161,1161
"Waterville-Spunkane, Kerry",546,546,546,546,546,546,546,546,465,465,465,465,465,465,465
"Westport Legal Town, Mayo",5163,5163,5163,5163,5163,5163,5163,5163,5543,5543,5543,5543,5543,5543,5543
"Westport Environs, Mayo",312,312,312,312,312,312,312,312,520,520,520,520,520,520,520
"Wexford Borough, Wexford",8854,8854,8854,8854,8854,8854,8854,8854,19913,19913,19913,19913,19913,19913,19913
"Wexford Environs, Wexford",9309,9309,9309,9309,9309,9309,9309,9309,159,159,159,159,159,159,159
"Whitechurch, Cork",408,408,408,408,408,408,408,408,573,573,573,573,573,573,573
"Whitegate, Cork",765,765,765,765,765,765,765,765,1067,1067,1067,1067,1067,1067,1067
"Whitegate, Clare",218,218,218,218,218,218,218,218,176,176,176,176,176,176,176
"Wicklow Legal Town, Wicklow",6930,6930,6930,6930,6930,6930,6930,6930,6761,6761,6761,6761,6761,6761,6761
"Wicklow Environs, Wicklow",3140,3140,3140,3140,3140,3140,3140,3140,3595,3595,3595,3595,3595,3595,3595
"Williamstown, Galway",155,155,155,155,155,155,155,155,155,155,155,155,155,155,155
"Woodford, Galway",301,301,301,301,301,301,301,301,282,282,282,282,282,282,282
"Youghal Legal Town, Cork",6393,6393,6393,6393,6393,6393,6393,6393,6990,6990,6990,6990,6990,6990,6990
"Youghal Environs, Cork",392,392,392,392,392,392,392,392,804,804,804,804,804,804,804
